secid,date,ticker,close,cfadj,shrout
108105,20101231,SPX,1257.64,1,0
108105,20110103,SPX,1271.89,1,0
108105,20110104,SPX,1270.2,1,0
108105,20110105,SPX,1276.56,1,0
108105,20110106,SPX,1273.85,1,0
108105,20110107,SPX,1271.5,1,0
108105,20110110,SPX,1269.75,1,0
108105,20110111,SPX,1274.48,1,0
108105,20110112,SPX,1285.96,1,0
108105,20110113,SPX,1283.76,1,0
108105,20110114,SPX,1293.24,1,0
108105,20110118,SPX,1295.02,1,0
108105,20110119,SPX,1281.92,1,0
108105,20110120,SPX,1280.26,1,0
108105,20110121,SPX,1283.35,1,0
108105,20110124,SPX,1290.84,1,0
108105,20110125,SPX,1291.18,1,0
108105,20110126,SPX,1296.63,1,0
108105,20110127,SPX,1299.54,1,0
108105,20110128,SPX,1276.34,1,0
108105,20110131,SPX,1286.12,1,0
108105,20110201,SPX,1307.59,1,0
108105,20110202,SPX,1304.03,1,0
108105,20110203,SPX,1307.1,1,0
108105,20110204,SPX,1310.87,1,0
108105,20110207,SPX,1319.05,1,0
108105,20110208,SPX,1324.57,1,0
108105,20110209,SPX,1320.88,1,0
108105,20110210,SPX,1321.87,1,0
108105,20110211,SPX,1329.15,1,0
108105,20110214,SPX,1332.32,1,0
108105,20110215,SPX,1328.01,1,0
108105,20110216,SPX,1336.32,1,0
108105,20110217,SPX,1340.43,1,0
108105,20110218,SPX,1343.01,1,0
108105,20110222,SPX,1315.44,1,0
108105,20110223,SPX,1307.4,1,0
108105,20110224,SPX,1306.1,1,0
108105,20110225,SPX,1319.88,1,0
108105,20110228,SPX,1327.22,1,0
108105,20110301,SPX,1306.33,1,0
108105,20110302,SPX,1308.44,1,0
108105,20110303,SPX,1330.97,1,0
108105,20110304,SPX,1321.15,1,0
108105,20110307,SPX,1310.13,1,0
108105,20110308,SPX,1321.82,1,0
108105,20110309,SPX,1320.02,1,0
108105,20110310,SPX,1295.11,1,0
108105,20110311,SPX,1304.28,1,0
108105,20110314,SPX,1296.39,1,0
108105,20110315,SPX,1281.87,1,0
108105,20110316,SPX,1256.88,1,0
108105,20110317,SPX,1273.72,1,0
108105,20110318,SPX,1279.2,1,0
108105,20110321,SPX,1298.38,1,0
108105,20110322,SPX,1293.77,1,0
108105,20110323,SPX,1297.54,1,0
108105,20110324,SPX,1309.66,1,0
108105,20110325,SPX,1313.8,1,0
108105,20110328,SPX,1310.19,1,0
108105,20110329,SPX,1319.44,1,0
108105,20110330,SPX,1328.26,1,0
108105,20110331,SPX,1325.83,1,0
108105,20110401,SPX,1332.41,1,0
108105,20110404,SPX,1332.87,1,0
108105,20110405,SPX,1332.63,1,0
108105,20110406,SPX,1335.54,1,0
108105,20110407,SPX,1333.51,1,0
108105,20110408,SPX,1328.17,1,0
108105,20110411,SPX,1324.46,1,0
108105,20110412,SPX,1314.16,1,0
108105,20110413,SPX,1314.41,1,0
108105,20110414,SPX,1314.52,1,0
108105,20110415,SPX,1319.68,1,0
108105,20110418,SPX,1305.14,1,0
108105,20110419,SPX,1312.62,1,0
108105,20110420,SPX,1330.36,1,0
108105,20110421,SPX,1337.38,1,0
108105,20110425,SPX,1335.25,1,0
108105,20110426,SPX,1347.24,1,0
108105,20110427,SPX,1355.66,1,0
108105,20110428,SPX,1360.48,1,0
108105,20110429,SPX,1363.61,1,0
108105,20110502,SPX,1361.22,1,0
108105,20110503,SPX,1356.62,1,0
108105,20110504,SPX,1347.32,1,0
108105,20110505,SPX,1335.1,1,0
108105,20110506,SPX,1340.2,1,0
108105,20110509,SPX,1346.29,1,0
108105,20110510,SPX,1357.16,1,0
108105,20110511,SPX,1342.08,1,0
108105,20110512,SPX,1348.65,1,0
108105,20110513,SPX,1337.77,1,0
108105,20110516,SPX,1329.47,1,0
108105,20110517,SPX,1328.98,1,0
108105,20110518,SPX,1340.68,1,0
108105,20110519,SPX,1343.6,1,0
108105,20110520,SPX,1333.27,1,0
108105,20110523,SPX,1317.37,1,0
108105,20110524,SPX,1316.28,1,0
108105,20110525,SPX,1320.47,1,0
108105,20110526,SPX,1325.69,1,0
108105,20110527,SPX,1331.1,1,0
108105,20110531,SPX,1345.2,1,0
108105,20110601,SPX,1314.55,1,0
108105,20110602,SPX,1312.94,1,0
108105,20110603,SPX,1300.16,1,0
108105,20110606,SPX,1286.17,1,0
108105,20110607,SPX,1284.94,1,0
108105,20110608,SPX,1279.56,1,0
108105,20110609,SPX,1289,1,0
108105,20110610,SPX,1270.98,1,0
108105,20110613,SPX,1271.83,1,0
108105,20110614,SPX,1287.87,1,0
108105,20110615,SPX,1265.42,1,0
108105,20110616,SPX,1267.64,1,0
108105,20110617,SPX,1271.5,1,0
108105,20110620,SPX,1278.36,1,0
108105,20110621,SPX,1295.52,1,0
108105,20110622,SPX,1287.14,1,0
108105,20110623,SPX,1283.5,1,0
108105,20110624,SPX,1268.45,1,0
108105,20110627,SPX,1280.1,1,0
108105,20110628,SPX,1296.67,1,0
108105,20110629,SPX,1307.41,1,0
108105,20110630,SPX,1320.64,1,0
108105,20110701,SPX,1339.67,1,0
108105,20110705,SPX,1337.88,1,0
108105,20110706,SPX,1339.22,1,0
108105,20110707,SPX,1353.22,1,0
108105,20110708,SPX,1343.8,1,0
108105,20110711,SPX,1319.49,1,0
108105,20110712,SPX,1313.64,1,0
108105,20110713,SPX,1317.72,1,0
108105,20110714,SPX,1308.87,1,0
108105,20110715,SPX,1316.14,1,0
108105,20110718,SPX,1305.44,1,0
108105,20110719,SPX,1326.73,1,0
108105,20110720,SPX,1325.84,1,0
108105,20110721,SPX,1343.8,1,0
108105,20110722,SPX,1345.02,1,0
108105,20110725,SPX,1337.43,1,0
108105,20110726,SPX,1331.94,1,0
108105,20110727,SPX,1304.89,1,0
108105,20110728,SPX,1300.67,1,0
108105,20110729,SPX,1292.28,1,0
108105,20110801,SPX,1286.94,1,0
108105,20110802,SPX,1254.05,1,0
108105,20110803,SPX,1260.34,1,0
108105,20110804,SPX,1200.07,1,0
108105,20110805,SPX,1199.38,1,0
108105,20110808,SPX,1119.46,1,0
108105,20110809,SPX,1172.53,1,0
108105,20110810,SPX,1120.76,1,0
108105,20110811,SPX,1172.64,1,0
108105,20110812,SPX,1178.81,1,0
108105,20110815,SPX,1204.49,1,0
108105,20110816,SPX,1192.76,1,0
108105,20110817,SPX,1193.89,1,0
108105,20110818,SPX,1140.65,1,0
108105,20110819,SPX,1123.53,1,0
108105,20110822,SPX,1123.82,1,0
108105,20110823,SPX,1162.35,1,0
108105,20110824,SPX,1177.6,1,0
108105,20110825,SPX,1159.27,1,0
108105,20110826,SPX,1176.8,1,0
108105,20110829,SPX,1210.08,1,0
108105,20110830,SPX,1212.92,1,0
108105,20110831,SPX,1218.89,1,0
108105,20110901,SPX,1204.42,1,0
108105,20110902,SPX,1173.97,1,0
108105,20110906,SPX,1165.24,1,0
108105,20110907,SPX,1198.62,1,0
108105,20110908,SPX,1185.9,1,0
108105,20110909,SPX,1154.23,1,0
108105,20110912,SPX,1162.27,1,0
108105,20110913,SPX,1172.87,1,0
108105,20110914,SPX,1188.68,1,0
108105,20110915,SPX,1209.11,1,0
108105,20110916,SPX,1216.01,1,0
108105,20110919,SPX,1204.09,1,0
108105,20110920,SPX,1202.09,1,0
108105,20110921,SPX,1166.76,1,0
108105,20110922,SPX,1129.56,1,0
108105,20110923,SPX,1136.43,1,0
108105,20110926,SPX,1162.95,1,0
108105,20110927,SPX,1175.38,1,0
108105,20110928,SPX,1151.06,1,0
108105,20110929,SPX,1160.4,1,0
108105,20110930,SPX,1131.42,1,0
108105,20111003,SPX,1099.23,1,0
108105,20111004,SPX,1123.95,1,0
108105,20111005,SPX,1144.03,1,0
108105,20111006,SPX,1164.97,1,0
108105,20111007,SPX,1155.46,1,0
108105,20111010,SPX,1194.89,1,0
108105,20111011,SPX,1195.54,1,0
108105,20111012,SPX,1207.25,1,0
108105,20111013,SPX,1203.66,1,0
108105,20111014,SPX,1224.58,1,0
108105,20111017,SPX,1200.86,1,0
108105,20111018,SPX,1225.38,1,0
108105,20111019,SPX,1209.88,1,0
108105,20111020,SPX,1215.39,1,0
108105,20111021,SPX,1238.25,1,0
108105,20111024,SPX,1254.19,1,0
108105,20111025,SPX,1229.05,1,0
108105,20111026,SPX,1242,1,0
108105,20111027,SPX,1284.59,1,0
108105,20111028,SPX,1285.09,1,0
108105,20111031,SPX,1253.3,1,0
108105,20111101,SPX,1218.28,1,0
108105,20111102,SPX,1237.9,1,0
108105,20111103,SPX,1261.15,1,0
108105,20111104,SPX,1253.23,1,0
108105,20111107,SPX,1261.12,1,0
108105,20111108,SPX,1275.92,1,0
108105,20111109,SPX,1229.1,1,0
108105,20111110,SPX,1239.7,1,0
108105,20111111,SPX,1263.85,1,0
108105,20111114,SPX,1251.78,1,0
108105,20111115,SPX,1257.81,1,0
108105,20111116,SPX,1236.91,1,0
108105,20111117,SPX,1216.13,1,0
108105,20111118,SPX,1215.65,1,0
108105,20111121,SPX,1192.98,1,0
108105,20111122,SPX,1188.04,1,0
108105,20111123,SPX,1161.79,1,0
108105,20111125,SPX,1158.67,1,0
108105,20111128,SPX,1192.55,1,0
108105,20111129,SPX,1195.19,1,0
108105,20111130,SPX,1246.96,1,0
108105,20111201,SPX,1244.58,1,0
108105,20111202,SPX,1244.28,1,0
108105,20111205,SPX,1257.08,1,0
108105,20111206,SPX,1258.47,1,0
108105,20111207,SPX,1261.01,1,0
108105,20111208,SPX,1234.35,1,0
108105,20111209,SPX,1255.19,1,0
108105,20111212,SPX,1236.47,1,0
108105,20111213,SPX,1225.73,1,0
108105,20111214,SPX,1211.82,1,0
108105,20111215,SPX,1215.75,1,0
108105,20111216,SPX,1219.66,1,0
108105,20111219,SPX,1205.35,1,0
108105,20111220,SPX,1241.3,1,0
108105,20111221,SPX,1243.72,1,0
108105,20111222,SPX,1254,1,0
108105,20111223,SPX,1265.33,1,0
108105,20111227,SPX,1265.43,1,0
108105,20111228,SPX,1249.64,1,0
108105,20111229,SPX,1263.02,1,0
108105,20111230,SPX,1257.6,1,0
108105,20120103,SPX,1277.06,1,0
108105,20120104,SPX,1277.3,1,0
108105,20120105,SPX,1281.06,1,0
108105,20120106,SPX,1277.81,1,0
108105,20120109,SPX,1280.7,1,0
108105,20120110,SPX,1292.08,1,0
108105,20120111,SPX,1292.48,1,0
108105,20120112,SPX,1295.5,1,0
108105,20120113,SPX,1289.09,1,0
108105,20120117,SPX,1293.67,1,0
108105,20120118,SPX,1308.04,1,0
108105,20120119,SPX,1314.5,1,0
108105,20120120,SPX,1315.38,1,0
108105,20120123,SPX,1316,1,0
108105,20120124,SPX,1314.65,1,0
108105,20120125,SPX,1326.06,1,0
108105,20120126,SPX,1318.43,1,0
108105,20120127,SPX,1316.33,1,0
108105,20120130,SPX,1313.01,1,0
108105,20120131,SPX,1312.41,1,0
108105,20120201,SPX,1324.09,1,0
108105,20120202,SPX,1325.54,1,0
108105,20120203,SPX,1344.9,1,0
108105,20120206,SPX,1344.33,1,0
108105,20120207,SPX,1347.05,1,0
108105,20120208,SPX,1349.96,1,0
108105,20120209,SPX,1351.95,1,0
108105,20120210,SPX,1342.64,1,0
108105,20120213,SPX,1351.77,1,0
108105,20120214,SPX,1350.5,1,0
108105,20120215,SPX,1343.23,1,0
108105,20120216,SPX,1358.04,1,0
108105,20120217,SPX,1361.23,1,0
108105,20120221,SPX,1362.21,1,0
108105,20120222,SPX,1357.66,1,0
108105,20120223,SPX,1363.46,1,0
108105,20120224,SPX,1365.74,1,0
108105,20120227,SPX,1367.59,1,0
108105,20120228,SPX,1372.18,1,0
108105,20120229,SPX,1365.68,1,0
108105,20120301,SPX,1374.09,1,0
108105,20120302,SPX,1369.63,1,0
108105,20120305,SPX,1364.33,1,0
108105,20120306,SPX,1343.36,1,0
108105,20120307,SPX,1352.63,1,0
108105,20120308,SPX,1365.91,1,0
108105,20120309,SPX,1370.87,1,0
108105,20120312,SPX,1371.09,1,0
108105,20120313,SPX,1395.95,1,0
108105,20120314,SPX,1394.28,1,0
108105,20120315,SPX,1402.6,1,0
108105,20120316,SPX,1404.17,1,0
108105,20120319,SPX,1409.75,1,0
108105,20120320,SPX,1405.52,1,0
108105,20120321,SPX,1402.89,1,0
108105,20120322,SPX,1392.78,1,0
108105,20120323,SPX,1397.11,1,0
108105,20120326,SPX,1416.51,1,0
108105,20120327,SPX,1412.52,1,0
108105,20120328,SPX,1405.54,1,0
108105,20120329,SPX,1403.28,1,0
108105,20120330,SPX,1408.47,1,0
108105,20120402,SPX,1419.04,1,0
108105,20120403,SPX,1413.38,1,0
108105,20120404,SPX,1398.96,1,0
108105,20120405,SPX,1398.08,1,0
108105,20120409,SPX,1382.2,1,0
108105,20120410,SPX,1358.59,1,0
108105,20120411,SPX,1368.71,1,0
108105,20120412,SPX,1387.57,1,0
108105,20120413,SPX,1370.26,1,0
108105,20120416,SPX,1369.57,1,0
108105,20120417,SPX,1390.78,1,0
108105,20120418,SPX,1385.14,1,0
108105,20120419,SPX,1376.92,1,0
108105,20120420,SPX,1378.53,1,0
108105,20120423,SPX,1366.94,1,0
108105,20120424,SPX,1371.97,1,0
108105,20120425,SPX,1390.69,1,0
108105,20120426,SPX,1399.98,1,0
108105,20120427,SPX,1403.36,1,0
108105,20120430,SPX,1397.91,1,0
108105,20120501,SPX,1405.82,1,0
108105,20120502,SPX,1402.31,1,0
108105,20120503,SPX,1391.57,1,0
108105,20120504,SPX,1369.1,1,0
108105,20120507,SPX,1369.58,1,0
108105,20120508,SPX,1363.72,1,0
108105,20120509,SPX,1354.58,1,0
108105,20120510,SPX,1357.99,1,0
108105,20120511,SPX,1353.39,1,0
108105,20120514,SPX,1338.35,1,0
108105,20120515,SPX,1330.66,1,0
108105,20120516,SPX,1324.8,1,0
108105,20120517,SPX,1304.86,1,0
108105,20120518,SPX,1295.22,1,0
108105,20120521,SPX,1315.99,1,0
108105,20120522,SPX,1316.63,1,0
108105,20120523,SPX,1318.86,1,0
108105,20120524,SPX,1320.68,1,0
108105,20120525,SPX,1317.82,1,0
108105,20120529,SPX,1332.42,1,0
108105,20120530,SPX,1313.32,1,0
108105,20120531,SPX,1310.33,1,0
108105,20120601,SPX,1278.04,1,0
108105,20120604,SPX,1278.18,1,0
108105,20120605,SPX,1285.5,1,0
108105,20120606,SPX,1315.13,1,0
108105,20120607,SPX,1314.99,1,0
108105,20120608,SPX,1325.66,1,0
108105,20120611,SPX,1308.93,1,0
108105,20120612,SPX,1324.18,1,0
108105,20120613,SPX,1314.88,1,0
108105,20120614,SPX,1329.1,1,0
108105,20120615,SPX,1342.84,1,0
108105,20120618,SPX,1344.78,1,0
108105,20120619,SPX,1357.98,1,0
108105,20120620,SPX,1355.69,1,0
108105,20120621,SPX,1325.51,1,0
108105,20120622,SPX,1335.02,1,0
108105,20120625,SPX,1313.72,1,0
108105,20120626,SPX,1319.99,1,0
108105,20120627,SPX,1331.85,1,0
108105,20120628,SPX,1329.04,1,0
108105,20120629,SPX,1362.16,1,0
108105,20120702,SPX,1365.51,1,0
108105,20120703,SPX,1374.02,1,0
108105,20120705,SPX,1367.58,1,0
108105,20120706,SPX,1354.68,1,0
108105,20120709,SPX,1352.46,1,0
108105,20120710,SPX,1341.47,1,0
108105,20120711,SPX,1341.45,1,0
108105,20120712,SPX,1334.76,1,0
108105,20120713,SPX,1356.78,1,0
108105,20120716,SPX,1353.64,1,0
108105,20120717,SPX,1363.67,1,0
108105,20120718,SPX,1372.78,1,0
108105,20120719,SPX,1376.51,1,0
108105,20120720,SPX,1362.66,1,0
108105,20120723,SPX,1350.52,1,0
108105,20120724,SPX,1338.31,1,0
108105,20120725,SPX,1337.89,1,0
108105,20120726,SPX,1360.02,1,0
108105,20120727,SPX,1385.97,1,0
108105,20120730,SPX,1385.3,1,0
108105,20120731,SPX,1379.32,1,0
108105,20120801,SPX,1375.32,1,0
108105,20120802,SPX,1365,1,0
108105,20120803,SPX,1390.99,1,0
108105,20120806,SPX,1394.23,1,0
108105,20120807,SPX,1401.35,1,0
108105,20120808,SPX,1402.22,1,0
108105,20120809,SPX,1402.8,1,0
108105,20120810,SPX,1405.87,1,0
108105,20120813,SPX,1404.11,1,0
108105,20120814,SPX,1403.93,1,0
108105,20120815,SPX,1405.53,1,0
108105,20120816,SPX,1415.51,1,0
108105,20120817,SPX,1418.16,1,0
108105,20120820,SPX,1418.13,1,0
108105,20120821,SPX,1413.17,1,0
108105,20120822,SPX,1413.49,1,0
108105,20120823,SPX,1402.08,1,0
108105,20120824,SPX,1411.13,1,0
108105,20120827,SPX,1410.44,1,0
108105,20120828,SPX,1409.3,1,0
108105,20120829,SPX,1410.49,1,0
108105,20120830,SPX,1399.48,1,0
108105,20120831,SPX,1406.58,1,0
108105,20120904,SPX,1404.94,1,0
108105,20120905,SPX,1403.44,1,0
108105,20120906,SPX,1432.12,1,0
108105,20120907,SPX,1437.92,1,0
108105,20120910,SPX,1429.08,1,0
108105,20120911,SPX,1433.56,1,0
108105,20120912,SPX,1436.56,1,0
108105,20120913,SPX,1459.99,1,0
108105,20120914,SPX,1465.77,1,0
108105,20120917,SPX,1461.19,1,0
108105,20120918,SPX,1459.32,1,0
108105,20120919,SPX,1461.05,1,0
108105,20120920,SPX,1460.26,1,0
108105,20120921,SPX,1460.15,1,0
108105,20120924,SPX,1456.89,1,0
108105,20120925,SPX,1441.59,1,0
108105,20120926,SPX,1433.32,1,0
108105,20120927,SPX,1447.15,1,0
108105,20120928,SPX,1440.67,1,0
108105,20121001,SPX,1444.49,1,0
108105,20121002,SPX,1445.75,1,0
108105,20121003,SPX,1450.99,1,0
108105,20121004,SPX,1461.4,1,0
108105,20121005,SPX,1460.93,1,0
108105,20121008,SPX,1455.88,1,0
108105,20121009,SPX,1441.48,1,0
108105,20121010,SPX,1432.56,1,0
108105,20121011,SPX,1432.84,1,0
108105,20121012,SPX,1428.59,1,0
108105,20121015,SPX,1440.13,1,0
108105,20121016,SPX,1454.92,1,0
108105,20121017,SPX,1460.91,1,0
108105,20121018,SPX,1457.34,1,0
108105,20121019,SPX,1433.19,1,0
108105,20121022,SPX,1433.82,1,0
108105,20121023,SPX,1413.11,1,0
108105,20121024,SPX,1408.75,1,0
108105,20121025,SPX,1412.97,1,0
108105,20121026,SPX,1411.94,1,0
108105,20121031,SPX,1412.16,1,0
108105,20121101,SPX,1427.59,1,0
108105,20121102,SPX,1414.2,1,0
108105,20121105,SPX,1417.26,1,0
108105,20121106,SPX,1428.39,1,0
108105,20121107,SPX,1394.53,1,0
108105,20121108,SPX,1377.51,1,0
108105,20121109,SPX,1379.85,1,0
108105,20121112,SPX,1380.03,1,0
108105,20121113,SPX,1374.53,1,0
108105,20121114,SPX,1355.49,1,0
108105,20121115,SPX,1353.33,1,0
108105,20121116,SPX,1359.88,1,0
108105,20121119,SPX,1386.89,1,0
108105,20121120,SPX,1387.81,1,0
108105,20121121,SPX,1391.03,1,0
108105,20121123,SPX,1409.15,1,0
108105,20121126,SPX,1406.29,1,0
108105,20121127,SPX,1398.94,1,0
108105,20121128,SPX,1409.93,1,0
108105,20121129,SPX,1415.95,1,0
108105,20121130,SPX,1416.18,1,0
108105,20121203,SPX,1409.46,1,0
108105,20121204,SPX,1407.05,1,0
108105,20121205,SPX,1409.28,1,0
108105,20121206,SPX,1413.94,1,0
108105,20121207,SPX,1418.07,1,0
108105,20121210,SPX,1418.55,1,0
108105,20121211,SPX,1427.84,1,0
108105,20121212,SPX,1428.48,1,0
108105,20121213,SPX,1419.45,1,0
108105,20121214,SPX,1413.58,1,0
108105,20121217,SPX,1430.36,1,0
108105,20121218,SPX,1446.79,1,0
108105,20121219,SPX,1435.81,1,0
108105,20121220,SPX,1443.69,1,0
108105,20121221,SPX,1430.15,1,0
108105,20121224,SPX,1426.66,1,0
108105,20121226,SPX,1419.83,1,0
108105,20121227,SPX,1418.1,1,0
108105,20121228,SPX,1402.43,1,0
108105,20121231,SPX,1426.19,1,0
108105,20130102,SPX,1462.42,1,0
108105,20130103,SPX,1459.37,1,0
108105,20130104,SPX,1466.47,1,0
108105,20130107,SPX,1461.89,1,0
108105,20130108,SPX,1457.15,1,0
108105,20130109,SPX,1461.02,1,0
108105,20130110,SPX,1472.12,1,0
108105,20130111,SPX,1472.05,1,0
108105,20130114,SPX,1470.68,1,0
108105,20130115,SPX,1472.34,1,0
108105,20130116,SPX,1472.63,1,0
108105,20130117,SPX,1480.94,1,0
108105,20130118,SPX,1485.98,1,0
108105,20130122,SPX,1492.56,1,0
108105,20130123,SPX,1494.81,1,0
108105,20130124,SPX,1494.82,1,0
108105,20130125,SPX,1502.96,1,0
108105,20130128,SPX,1500.18,1,0
108105,20130129,SPX,1507.84,1,0
108105,20130130,SPX,1501.96,1,0
108105,20130131,SPX,1498.11,1,0
108105,20130201,SPX,1513.17,1,0
108105,20130204,SPX,1495.71,1,0
108105,20130205,SPX,1511.29,1,0
108105,20130206,SPX,1512.12,1,0
108105,20130207,SPX,1509.39,1,0
108105,20130208,SPX,1517.93,1,0
108105,20130211,SPX,1517.01,1,0
108105,20130212,SPX,1519.43,1,0
108105,20130213,SPX,1520.33,1,0
108105,20130214,SPX,1521.38,1,0
108105,20130215,SPX,1519.79,1,0
108105,20130219,SPX,1530.94,1,0
108105,20130220,SPX,1511.95,1,0
108105,20130221,SPX,1502.42,1,0
108105,20130222,SPX,1515.6,1,0
108105,20130225,SPX,1487.85,1,0
108105,20130226,SPX,1496.94,1,0
108105,20130227,SPX,1515.99,1,0
108105,20130228,SPX,1514.68,1,0
108105,20130301,SPX,1518.2,1,0
108105,20130304,SPX,1525.2,1,0
108105,20130305,SPX,1539.79,1,0
108105,20130306,SPX,1541.46,1,0
108105,20130307,SPX,1544.26,1,0
108105,20130308,SPX,1551.18,1,0
108105,20130311,SPX,1556.22,1,0
108105,20130312,SPX,1552.48,1,0
108105,20130313,SPX,1554.52,1,0
108105,20130314,SPX,1563.23,1,0
108105,20130315,SPX,1560.7,1,0
108105,20130318,SPX,1552.1,1,0
108105,20130319,SPX,1548.34,1,0
108105,20130320,SPX,1558.71,1,0
108105,20130321,SPX,1545.8,1,0
108105,20130322,SPX,1556.89,1,0
108105,20130325,SPX,1551.69,1,0
108105,20130326,SPX,1563.77,1,0
108105,20130327,SPX,1562.85,1,0
108105,20130328,SPX,1569.19,1,0
108105,20130401,SPX,1562.17,1,0
108105,20130402,SPX,1570.25,1,0
108105,20130403,SPX,1553.69,1,0
108105,20130404,SPX,1559.98,1,0
108105,20130405,SPX,1553.28,1,0
108105,20130408,SPX,1563.07,1,0
108105,20130409,SPX,1568.61,1,0
108105,20130410,SPX,1587.73,1,0
108105,20130411,SPX,1593.37,1,0
108105,20130412,SPX,1588.85,1,0
108105,20130415,SPX,1552.36,1,0
108105,20130416,SPX,1574.57,1,0
108105,20130417,SPX,1552.01,1,0
108105,20130418,SPX,1541.61,1,0
108105,20130419,SPX,1555.25,1,0
108105,20130422,SPX,1562.5,1,0
108105,20130423,SPX,1578.78,1,0
108105,20130424,SPX,1578.79,1,0
108105,20130425,SPX,1585.16,1,0
108105,20130426,SPX,1582.24,1,0
108105,20130429,SPX,1593.61,1,0
108105,20130430,SPX,1597.57,1,0
108105,20130501,SPX,1582.7,1,0
108105,20130502,SPX,1597.59,1,0
108105,20130503,SPX,1614.42,1,0
108105,20130506,SPX,1617.5,1,0
108105,20130507,SPX,1625.96,1,0
108105,20130508,SPX,1632.69,1,0
108105,20130509,SPX,1626.67,1,0
108105,20130510,SPX,1633.7,1,0
108105,20130513,SPX,1633.77,1,0
108105,20130514,SPX,1650.34,1,0
108105,20130515,SPX,1658.78,1,0
108105,20130516,SPX,1650.47,1,0
108105,20130517,SPX,1667.47,1,0
108105,20130520,SPX,1666.29,1,0
108105,20130521,SPX,1669.16,1,0
108105,20130522,SPX,1655.35,1,0
108105,20130523,SPX,1650.51,1,0
108105,20130524,SPX,1649.6,1,0
108105,20130528,SPX,1660.06,1,0
108105,20130529,SPX,1648.36,1,0
108105,20130530,SPX,1654.41,1,0
108105,20130531,SPX,1630.74,1,0
108105,20130603,SPX,1640.42,1,0
108105,20130604,SPX,1631.38,1,0
108105,20130605,SPX,1608.9,1,0
108105,20130606,SPX,1622.56,1,0
108105,20130607,SPX,1643.38,1,0
108105,20130610,SPX,1642.81,1,0
108105,20130611,SPX,1626.13,1,0
108105,20130612,SPX,1612.52,1,0
108105,20130613,SPX,1636.36,1,0
108105,20130614,SPX,1626.73,1,0
108105,20130617,SPX,1639.04,1,0
108105,20130618,SPX,1651.81,1,0
108105,20130619,SPX,1628.93,1,0
108105,20130620,SPX,1588.19,1,0
108105,20130621,SPX,1592.43,1,0
108105,20130624,SPX,1573.09,1,0
108105,20130625,SPX,1588.03,1,0
108105,20130626,SPX,1603.26,1,0
108105,20130627,SPX,1613.2,1,0
108105,20130628,SPX,1606.28,1,0
108105,20130701,SPX,1614.96,1,0
108105,20130702,SPX,1614.08,1,0
108105,20130703,SPX,1615.41,1,0
108105,20130705,SPX,1631.89,1,0
108105,20130708,SPX,1640.46,1,0
108105,20130709,SPX,1652.32,1,0
108105,20130710,SPX,1652.62,1,0
108105,20130711,SPX,1675.02,1,0
108105,20130712,SPX,1680.19,1,0
108105,20130715,SPX,1682.5,1,0
108105,20130716,SPX,1676.26,1,0
108105,20130717,SPX,1680.91,1,0
108105,20130718,SPX,1689.37,1,0
108105,20130719,SPX,1692.09,1,0
108105,20130722,SPX,1695.53,1,0
108105,20130723,SPX,1692.39,1,0
108105,20130724,SPX,1685.94,1,0
108105,20130725,SPX,1690.25,1,0
108105,20130726,SPX,1691.65,1,0
108105,20130729,SPX,1685.33,1,0
108105,20130730,SPX,1685.96,1,0
108105,20130731,SPX,1685.73,1,0
108105,20130801,SPX,1706.87,1,0
108105,20130802,SPX,1709.67,1,0
108105,20130805,SPX,1707.14,1,0
108105,20130806,SPX,1697.37,1,0
108105,20130807,SPX,1690.91,1,0
108105,20130808,SPX,1697.48,1,0
108105,20130809,SPX,1691.42,1,0
108105,20130812,SPX,1689.47,1,0
108105,20130813,SPX,1694.16,1,0
108105,20130814,SPX,1685.39,1,0
108105,20130815,SPX,1661.32,1,0
108105,20130816,SPX,1655.83,1,0
108105,20130819,SPX,1646.06,1,0
108105,20130820,SPX,1652.35,1,0
108105,20130821,SPX,1642.8,1,0
108105,20130822,SPX,1656.96,1,0
108105,20130823,SPX,1663.5,1,0
108105,20130826,SPX,1656.78,1,0
108105,20130827,SPX,1630.48,1,0
108105,20130828,SPX,1634.96,1,0
108105,20130829,SPX,1638.17,1,0
108105,20130830,SPX,1632.97,1,0
108105,20130903,SPX,1639.77,1,0
108105,20130904,SPX,1653.08,1,0
108105,20130905,SPX,1655.08,1,0
108105,20130906,SPX,1655.17,1,0
108105,20130909,SPX,1671.71,1,0
108105,20130910,SPX,1683.99,1,0
108105,20130911,SPX,1689.13,1,0
108105,20130912,SPX,1683.42,1,0
108105,20130913,SPX,1687.99,1,0
108105,20130916,SPX,1697.6,1,0
108105,20130917,SPX,1704.76,1,0
108105,20130918,SPX,1725.52,1,0
108105,20130919,SPX,1722.34,1,0
108105,20130920,SPX,1709.91,1,0
108105,20130923,SPX,1701.84,1,0
108105,20130924,SPX,1697.42,1,0
108105,20130925,SPX,1692.77,1,0
108105,20130926,SPX,1698.67,1,0
108105,20130927,SPX,1691.75,1,0
108105,20130930,SPX,1681.55,1,0
108105,20131001,SPX,1695,1,0
108105,20131002,SPX,1693.87,1,0
108105,20131003,SPX,1678.66,1,0
108105,20131004,SPX,1690.5,1,0
108105,20131007,SPX,1676.12,1,0
108105,20131008,SPX,1655.45,1,0
108105,20131009,SPX,1656.4,1,0
108105,20131010,SPX,1692.56,1,0
108105,20131011,SPX,1703.2,1,0
108105,20131014,SPX,1710.14,1,0
108105,20131015,SPX,1698.06,1,0
108105,20131016,SPX,1721.54,1,0
108105,20131017,SPX,1733.15,1,0
108105,20131018,SPX,1744.5,1,0
108105,20131021,SPX,1744.66,1,0
108105,20131022,SPX,1754.67,1,0
108105,20131023,SPX,1746.38,1,0
108105,20131024,SPX,1752.07,1,0
108105,20131025,SPX,1759.77,1,0
108105,20131028,SPX,1762.11,1,0
108105,20131029,SPX,1771.95,1,0
108105,20131030,SPX,1763.31,1,0
108105,20131031,SPX,1756.54,1,0
108105,20131101,SPX,1761.64,1,0
108105,20131104,SPX,1767.93,1,0
108105,20131105,SPX,1762.97,1,0
108105,20131106,SPX,1770.49,1,0
108105,20131107,SPX,1747.15,1,0
108105,20131108,SPX,1770.61,1,0
108105,20131111,SPX,1771.89,1,0
108105,20131112,SPX,1767.69,1,0
108105,20131113,SPX,1782,1,0
108105,20131114,SPX,1790.62,1,0
108105,20131115,SPX,1798.18,1,0
108105,20131118,SPX,1791.53,1,0
108105,20131119,SPX,1787.87,1,0
108105,20131120,SPX,1781.37,1,0
108105,20131121,SPX,1795.85,1,0
108105,20131122,SPX,1804.76,1,0
108105,20131125,SPX,1802.48,1,0
108105,20131126,SPX,1802.75,1,0
108105,20131127,SPX,1807.23,1,0
108105,20131129,SPX,1805.81,1,0
108105,20131202,SPX,1800.9,1,0
108105,20131203,SPX,1795.15,1,0
108105,20131204,SPX,1792.81,1,0
108105,20131205,SPX,1785.03,1,0
108105,20131206,SPX,1805.09,1,0
108105,20131209,SPX,1808.37,1,0
108105,20131210,SPX,1802.62,1,0
108105,20131211,SPX,1782.22,1,0
108105,20131212,SPX,1775.5,1,0
108105,20131213,SPX,1775.32,1,0
108105,20131216,SPX,1786.54,1,0
108105,20131217,SPX,1781,1,0
108105,20131218,SPX,1810.65,1,0
108105,20131219,SPX,1809.6,1,0
108105,20131220,SPX,1818.32,1,0
108105,20131223,SPX,1827.99,1,0
108105,20131224,SPX,1833.32,1,0
108105,20131226,SPX,1842.02,1,0
108105,20131227,SPX,1841.4,1,0
108105,20131230,SPX,1841.07,1,0
108105,20131231,SPX,1848.36,1,0
108105,20140102,SPX,1831.98,1,0
108105,20140103,SPX,1831.37,1,0
108105,20140106,SPX,1826.77,1,0
108105,20140107,SPX,1837.88,1,0
108105,20140108,SPX,1837.49,1,0
108105,20140109,SPX,1838.13,1,0
108105,20140110,SPX,1842.37,1,0
108105,20140113,SPX,1819.2,1,0
108105,20140114,SPX,1838.88,1,0
108105,20140115,SPX,1848.38,1,0
108105,20140116,SPX,1845.89,1,0
108105,20140117,SPX,1838.7,1,0
108105,20140121,SPX,1843.8,1,0
108105,20140122,SPX,1844.86,1,0
108105,20140123,SPX,1828.46,1,0
108105,20140124,SPX,1790.29,1,0
108105,20140127,SPX,1781.56,1,0
108105,20140128,SPX,1792.5,1,0
108105,20140129,SPX,1774.2,1,0
108105,20140130,SPX,1794.19,1,0
108105,20140131,SPX,1782.59,1,0
108105,20140203,SPX,1741.89,1,0
108105,20140204,SPX,1755.2,1,0
108105,20140205,SPX,1751.64,1,0
108105,20140206,SPX,1773.43,1,0
108105,20140207,SPX,1797.02,1,0
108105,20140210,SPX,1799.84,1,0
108105,20140211,SPX,1819.75,1,0
108105,20140212,SPX,1819.26,1,0
108105,20140213,SPX,1829.83,1,0
108105,20140214,SPX,1838.63,1,0
108105,20140218,SPX,1840.76,1,0
108105,20140219,SPX,1828.75,1,0
108105,20140220,SPX,1839.78,1,0
108105,20140221,SPX,1836.25,1,0
108105,20140224,SPX,1847.61,1,0
108105,20140225,SPX,1845.12,1,0
108105,20140226,SPX,1845.16,1,0
108105,20140227,SPX,1854.29,1,0
108105,20140228,SPX,1859.45,1,0
108105,20140303,SPX,1845.73,1,0
108105,20140304,SPX,1873.91,1,0
108105,20140305,SPX,1873.81,1,0
108105,20140306,SPX,1877.03,1,0
108105,20140307,SPX,1878.04,1,0
108105,20140310,SPX,1877.17,1,0
108105,20140311,SPX,1867.63,1,0
108105,20140312,SPX,1868.2,1,0
108105,20140313,SPX,1846.34,1,0
108105,20140314,SPX,1841.13,1,0
108105,20140317,SPX,1858.83,1,0
108105,20140318,SPX,1872.25,1,0
108105,20140319,SPX,1860.77,1,0
108105,20140320,SPX,1872.01,1,0
108105,20140321,SPX,1866.52,1,0
108105,20140324,SPX,1857.44,1,0
108105,20140325,SPX,1865.62,1,0
108105,20140326,SPX,1852.56,1,0
108105,20140327,SPX,1849.04,1,0
108105,20140328,SPX,1857.62,1,0
108105,20140331,SPX,1872.34,1,0
108105,20140401,SPX,1885.52,1,0
108105,20140402,SPX,1890.9,1,0
108105,20140403,SPX,1888.77,1,0
108105,20140404,SPX,1865.09,1,0
108105,20140407,SPX,1845.04,1,0
108105,20140408,SPX,1851.96,1,0
108105,20140409,SPX,1872.18,1,0
108105,20140410,SPX,1833.08,1,0
108105,20140411,SPX,1815.69,1,0
108105,20140414,SPX,1830.61,1,0
108105,20140415,SPX,1842.98,1,0
108105,20140416,SPX,1862.31,1,0
108105,20140417,SPX,1864.85,1,0
108105,20140421,SPX,1871.89,1,0
108105,20140422,SPX,1879.55,1,0
108105,20140423,SPX,1875.39,1,0
108105,20140424,SPX,1878.61,1,0
108105,20140425,SPX,1863.4,1,0
108105,20140428,SPX,1869.43,1,0
108105,20140429,SPX,1878.33,1,0
108105,20140430,SPX,1883.95,1,0
108105,20140501,SPX,1883.68,1,0
108105,20140502,SPX,1881.14,1,0
108105,20140505,SPX,1884.66,1,0
108105,20140506,SPX,1867.72,1,0
108105,20140507,SPX,1878.21,1,0
108105,20140508,SPX,1875.63,1,0
108105,20140509,SPX,1878.48,1,0
108105,20140512,SPX,1896.65,1,0
108105,20140513,SPX,1897.45,1,0
108105,20140514,SPX,1888.53,1,0
108105,20140515,SPX,1870.85,1,0
108105,20140516,SPX,1877.86,1,0
108105,20140519,SPX,1885.08,1,0
108105,20140520,SPX,1872.83,1,0
108105,20140521,SPX,1888.03,1,0
108105,20140522,SPX,1892.49,1,0
108105,20140523,SPX,1900.53,1,0
108105,20140527,SPX,1911.91,1,0
108105,20140528,SPX,1909.78,1,0
108105,20140529,SPX,1920.03,1,0
108105,20140530,SPX,1923.57,1,0
108105,20140602,SPX,1924.97,1,0
108105,20140603,SPX,1924.24,1,0
108105,20140604,SPX,1927.88,1,0
108105,20140605,SPX,1940.46,1,0
108105,20140606,SPX,1949.44,1,0
108105,20140609,SPX,1951.27,1,0
108105,20140610,SPX,1950.79,1,0
108105,20140611,SPX,1943.89,1,0
108105,20140612,SPX,1930.11,1,0
108105,20140613,SPX,1936.16,1,0
108105,20140616,SPX,1937.78,1,0
108105,20140617,SPX,1941.99,1,0
108105,20140618,SPX,1956.98,1,0
108105,20140619,SPX,1959.48,1,0
108105,20140620,SPX,1962.87,1,0
108105,20140623,SPX,1962.61,1,0
108105,20140624,SPX,1949.98,1,0
108105,20140625,SPX,1959.53,1,0
108105,20140626,SPX,1957.22,1,0
108105,20140627,SPX,1960.96,1,0
108105,20140630,SPX,1960.23,1,0
108105,20140701,SPX,1973.32,1,0
108105,20140702,SPX,1974.62,1,0
108105,20140703,SPX,1985.44,1,0
108105,20140707,SPX,1977.65,1,0
108105,20140708,SPX,1963.71,1,0
108105,20140709,SPX,1972.83,1,0
108105,20140710,SPX,1964.68,1,0
108105,20140711,SPX,1967.57,1,0
108105,20140714,SPX,1977.1,1,0
108105,20140715,SPX,1973.28,1,0
108105,20140716,SPX,1981.57,1,0
108105,20140717,SPX,1958.12,1,0
108105,20140718,SPX,1978.22,1,0
108105,20140721,SPX,1973.63,1,0
108105,20140722,SPX,1983.53,1,0
108105,20140723,SPX,1987.01,1,0
108105,20140724,SPX,1987.98,1,0
108105,20140725,SPX,1978.34,1,0
108105,20140728,SPX,1978.91,1,0
108105,20140729,SPX,1969.95,1,0
108105,20140730,SPX,1970.07,1,0
108105,20140731,SPX,1930.67,1,0
108105,20140801,SPX,1925.15,1,0
108105,20140804,SPX,1938.99,1,0
108105,20140805,SPX,1920.21,1,0
108105,20140806,SPX,1920.24,1,0
108105,20140807,SPX,1909.57,1,0
108105,20140808,SPX,1931.59,1,0
108105,20140811,SPX,1936.92,1,0
108105,20140812,SPX,1933.75,1,0
108105,20140813,SPX,1946.72,1,0
108105,20140814,SPX,1955.18,1,0
108105,20140815,SPX,1955.06,1,0
108105,20140818,SPX,1971.74,1,0
108105,20140819,SPX,1981.6,1,0
108105,20140820,SPX,1986.51,1,0
108105,20140821,SPX,1992.37,1,0
108105,20140822,SPX,1988.4,1,0
108105,20140825,SPX,1997.92,1,0
108105,20140826,SPX,2000.02,1,0
108105,20140827,SPX,2000.12,1,0
108105,20140828,SPX,1996.74,1,0
108105,20140829,SPX,2003.37,1,0
108105,20140902,SPX,2002.28,1,0
108105,20140903,SPX,2000.72,1,0
108105,20140904,SPX,1997.65,1,0
108105,20140905,SPX,2007.71,1,0
108105,20140908,SPX,2001.54,1,0
108105,20140909,SPX,1988.44,1,0
108105,20140910,SPX,1995.69,1,0
108105,20140911,SPX,1997.45,1,0
108105,20140912,SPX,1985.54,1,0
108105,20140915,SPX,1984.13,1,0
108105,20140916,SPX,1998.98,1,0
108105,20140917,SPX,2001.57,1,0
108105,20140918,SPX,2011.36,1,0
108105,20140919,SPX,2010.4,1,0
108105,20140922,SPX,1994.29,1,0
108105,20140923,SPX,1982.77,1,0
108105,20140924,SPX,1998.3,1,0
108105,20140925,SPX,1965.99,1,0
108105,20140926,SPX,1982.85,1,0
108105,20140929,SPX,1977.8,1,0
108105,20140930,SPX,1972.29,1,0
108105,20141001,SPX,1946.16,1,0
108105,20141002,SPX,1946.17,1,0
108105,20141003,SPX,1967.9,1,0
108105,20141006,SPX,1964.82,1,0
108105,20141007,SPX,1935.1,1,0
108105,20141008,SPX,1968.89,1,0
108105,20141009,SPX,1928.21,1,0
108105,20141010,SPX,1906.13,1,0
108105,20141013,SPX,1874.74,1,0
108105,20141014,SPX,1877.7,1,0
108105,20141015,SPX,1862.49,1,0
108105,20141016,SPX,1862.76,1,0
108105,20141017,SPX,1886.76,1,0
108105,20141020,SPX,1904.01,1,0
108105,20141021,SPX,1941.28,1,0
108105,20141022,SPX,1927.11,1,0
108105,20141023,SPX,1950.82,1,0
108105,20141024,SPX,1964.58,1,0
108105,20141027,SPX,1961.63,1,0
108105,20141028,SPX,1985.05,1,0
108105,20141029,SPX,1982.3,1,0
108105,20141030,SPX,1994.65,1,0
108105,20141031,SPX,2018.05,1,0
108105,20141103,SPX,2017.81,1,0
108105,20141104,SPX,2012.1,1,0
108105,20141105,SPX,2023.57,1,0
108105,20141106,SPX,2031.21,1,0
108105,20141107,SPX,2031.92,1,0
108105,20141110,SPX,2038.26,1,0
108105,20141111,SPX,2039.68,1,0
108105,20141112,SPX,2038.25,1,0
108105,20141113,SPX,2039.33,1,0
108105,20141114,SPX,2039.82,1,0
108105,20141117,SPX,2041.32,1,0
108105,20141118,SPX,2051.8,1,0
108105,20141119,SPX,2048.72,1,0
108105,20141120,SPX,2052.75,1,0
108105,20141121,SPX,2063.5,1,0
108105,20141124,SPX,2069.41,1,0
108105,20141125,SPX,2067.03,1,0
108105,20141126,SPX,2072.83,1,0
108105,20141128,SPX,2067.56,1,0
108105,20141201,SPX,2053.44,1,0
108105,20141202,SPX,2066.55,1,0
108105,20141203,SPX,2074.33,1,0
108105,20141204,SPX,2071.92,1,0
108105,20141205,SPX,2075.37,1,0
108105,20141208,SPX,2060.31,1,0
108105,20141209,SPX,2059.82,1,0
108105,20141210,SPX,2026.14,1,0
108105,20141211,SPX,2035.33,1,0
108105,20141212,SPX,2002.33,1,0
108105,20141215,SPX,1989.63,1,0
108105,20141216,SPX,1972.74,1,0
108105,20141217,SPX,2012.89,1,0
108105,20141218,SPX,2061.23,1,0
108105,20141219,SPX,2070.65,1,0
108105,20141222,SPX,2078.54,1,0
108105,20141223,SPX,2082.17,1,0
108105,20141224,SPX,2081.88,1,0
108105,20141226,SPX,2088.77,1,0
108105,20141229,SPX,2090.57,1,0
108105,20141230,SPX,2080.35,1,0
108105,20141231,SPX,2058.9,1,0
108105,20150102,SPX,2058.2,1,0
108105,20150105,SPX,2020.58,1,0
108105,20150106,SPX,2002.61,1,0
108105,20150107,SPX,2025.9,1,0
108105,20150108,SPX,2062.14,1,0
108105,20150109,SPX,2044.81,1,0
108105,20150112,SPX,2028.26,1,0
108105,20150113,SPX,2023.03,1,0
108105,20150114,SPX,2011.27,1,0
108105,20150115,SPX,1992.67,1,0
108105,20150116,SPX,2019.42,1,0
108105,20150120,SPX,2022.55,1,0
108105,20150121,SPX,2032.12,1,0
108105,20150122,SPX,2063.15,1,0
108105,20150123,SPX,2051.82,1,0
108105,20150126,SPX,2057.09,1,0
108105,20150127,SPX,2029.55,1,0
108105,20150128,SPX,2002.16,1,0
108105,20150129,SPX,2021.25,1,0
108105,20150130,SPX,1994.99,1,0
108105,20150202,SPX,2020.85,1,0
108105,20150203,SPX,2050.03,1,0
108105,20150204,SPX,2041.51,1,0
108105,20150205,SPX,2062.52,1,0
108105,20150206,SPX,2055.47,1,0
108105,20150209,SPX,2046.74,1,0
108105,20150210,SPX,2068.59,1,0
108105,20150211,SPX,2068.53,1,0
108105,20150212,SPX,2088.48,1,0
108105,20150213,SPX,2096.99,1,0
108105,20150217,SPX,2100.34,1,0
108105,20150218,SPX,2099.68,1,0
108105,20150219,SPX,2097.45,1,0
108105,20150220,SPX,2110.3,1,0
108105,20150223,SPX,2109.66,1,0
108105,20150224,SPX,2115.48,1,0
108105,20150225,SPX,2113.86,1,0
108105,20150226,SPX,2110.74,1,0
108105,20150227,SPX,2104.5,1,0
108105,20150302,SPX,2117.39,1,0
108105,20150303,SPX,2107.78,1,0
108105,20150304,SPX,2098.53,1,0
108105,20150305,SPX,2101.04,1,0
108105,20150306,SPX,2071.26,1,0
108105,20150309,SPX,2079.43,1,0
108105,20150310,SPX,2044.16,1,0
108105,20150311,SPX,2040.24,1,0
108105,20150312,SPX,2065.95,1,0
108105,20150313,SPX,2053.4,1,0
108105,20150316,SPX,2081.19,1,0
108105,20150317,SPX,2074.28,1,0
108105,20150318,SPX,2099.5,1,0
108105,20150319,SPX,2089.27,1,0
108105,20150320,SPX,2108.1,1,0
108105,20150323,SPX,2104.42,1,0
108105,20150324,SPX,2091.5,1,0
108105,20150325,SPX,2061.05,1,0
108105,20150326,SPX,2056.15,1,0
108105,20150327,SPX,2061.02,1,0
108105,20150330,SPX,2086.24,1,0
108105,20150331,SPX,2067.89,1,0
108105,20150401,SPX,2059.69,1,0
108105,20150402,SPX,2066.96,1,0
108105,20150406,SPX,2080.62,1,0
108105,20150407,SPX,2076.33,1,0
108105,20150408,SPX,2081.9,1,0
108105,20150409,SPX,2091.18,1,0
108105,20150410,SPX,2102.06,1,0
108105,20150413,SPX,2092.43,1,0
108105,20150414,SPX,2095.84,1,0
108105,20150415,SPX,2106.63,1,0
108105,20150416,SPX,2104.99,1,0
108105,20150417,SPX,2081.18,1,0
108105,20150420,SPX,2100.4,1,0
108105,20150421,SPX,2097.29,1,0
108105,20150422,SPX,2107.96,1,0
108105,20150423,SPX,2112.93,1,0
108105,20150424,SPX,2117.69,1,0
108105,20150427,SPX,2108.92,1,0
108105,20150428,SPX,2114.76,1,0
108105,20150429,SPX,2106.85,1,0
108105,20150430,SPX,2085.51,1,0
108105,20150501,SPX,2108.29,1,0
108105,20150504,SPX,2114.49,1,0
108105,20150505,SPX,2089.46,1,0
108105,20150506,SPX,2080.15,1,0
108105,20150507,SPX,2088,1,0
108105,20150508,SPX,2116.1,1,0
108105,20150511,SPX,2105.33,1,0
108105,20150512,SPX,2099.12,1,0
108105,20150513,SPX,2098.48,1,0
108105,20150514,SPX,2121.1,1,0
108105,20150515,SPX,2122.73,1,0
108105,20150518,SPX,2129.2,1,0
108105,20150519,SPX,2127.83,1,0
108105,20150520,SPX,2125.85,1,0
108105,20150521,SPX,2130.82,1,0
108105,20150522,SPX,2126.06,1,0
108105,20150526,SPX,2104.2,1,0
108105,20150527,SPX,2123.48,1,0
108105,20150528,SPX,2120.79,1,0
108105,20150529,SPX,2107.39,1,0
108105,20150601,SPX,2111.73,1,0
108105,20150602,SPX,2109.6,1,0
108105,20150603,SPX,2114.07,1,0
108105,20150604,SPX,2095.84,1,0
108105,20150605,SPX,2092.83,1,0
108105,20150608,SPX,2079.28,1,0
108105,20150609,SPX,2080.15,1,0
108105,20150610,SPX,2105.2,1,0
108105,20150611,SPX,2108.86,1,0
108105,20150612,SPX,2094.11,1,0
108105,20150615,SPX,2084.43,1,0
108105,20150616,SPX,2096.29,1,0
108105,20150617,SPX,2100.44,1,0
108105,20150618,SPX,2121.24,1,0
108105,20150619,SPX,2109.99,1,0
108105,20150622,SPX,2122.85,1,0
108105,20150623,SPX,2124.2,1,0
108105,20150624,SPX,2108.58,1,0
108105,20150625,SPX,2102.31,1,0
108105,20150626,SPX,2101.49,1,0
108105,20150629,SPX,2057.64,1,0
108105,20150630,SPX,2063.11,1,0
108105,20150701,SPX,2077.42,1,0
108105,20150702,SPX,2076.78,1,0
108105,20150706,SPX,2068.76,1,0
108105,20150707,SPX,2081.34,1,0
108105,20150708,SPX,2046.68,1,0
108105,20150709,SPX,2051.31,1,0
108105,20150710,SPX,2076.62,1,0
108105,20150713,SPX,2099.6,1,0
108105,20150714,SPX,2108.95,1,0
108105,20150715,SPX,2107.4,1,0
108105,20150716,SPX,2124.29,1,0
108105,20150717,SPX,2126.64,1,0
108105,20150720,SPX,2128.28,1,0
108105,20150721,SPX,2119.21,1,0
108105,20150722,SPX,2114.15,1,0
108105,20150723,SPX,2102.15,1,0
108105,20150724,SPX,2079.65,1,0
108105,20150727,SPX,2067.64,1,0
108105,20150728,SPX,2093.25,1,0
108105,20150729,SPX,2108.57,1,0
108105,20150730,SPX,2108.63,1,0
108105,20150731,SPX,2103.84,1,0
108105,20150803,SPX,2098.04,1,0
108105,20150804,SPX,2093.32,1,0
108105,20150805,SPX,2099.84,1,0
108105,20150806,SPX,2083.56,1,0
108105,20150807,SPX,2077.57,1,0
108105,20150810,SPX,2104.18,1,0
108105,20150811,SPX,2084.07,1,0
108105,20150812,SPX,2086.05,1,0
108105,20150813,SPX,2083.39,1,0
108105,20150814,SPX,2091.54,1,0
108105,20150817,SPX,2102.44,1,0
108105,20150818,SPX,2096.92,1,0
108105,20150819,SPX,2079.61,1,0
108105,20150820,SPX,2035.73,1,0
108105,20150821,SPX,1970.89,1,0
108105,20150824,SPX,1893.21,1,0
108105,20150825,SPX,1867.61,1,0
108105,20150826,SPX,1940.51,1,0
108105,20150827,SPX,1987.66,1,0
108105,20150828,SPX,1988.87,1,0
108105,20150831,SPX,1972.18,1,0
108105,20150901,SPX,1913.85,1,0
108105,20150902,SPX,1948.86,1,0
108105,20150903,SPX,1951.13,1,0
108105,20150904,SPX,1921.22,1,0
108105,20150908,SPX,1969.41,1,0
108105,20150909,SPX,1942.04,1,0
108105,20150910,SPX,1952.29,1,0
108105,20150911,SPX,1961.05,1,0
108105,20150914,SPX,1953.03,1,0
108105,20150915,SPX,1978.09,1,0
108105,20150916,SPX,1995.31,1,0
108105,20150917,SPX,1990.2,1,0
108105,20150918,SPX,1958.03,1,0
108105,20150921,SPX,1966.97,1,0
108105,20150922,SPX,1942.74,1,0
108105,20150923,SPX,1938.76,1,0
108105,20150924,SPX,1932.24,1,0
108105,20150925,SPX,1931.34,1,0
108105,20150928,SPX,1881.77,1,0
108105,20150929,SPX,1884.09,1,0
108105,20150930,SPX,1920.03,1,0
108105,20151001,SPX,1923.82,1,0
108105,20151002,SPX,1951.36,1,0
108105,20151005,SPX,1987.05,1,0
108105,20151006,SPX,1979.92,1,0
108105,20151007,SPX,1995.83,1,0
108105,20151008,SPX,2013.43,1,0
108105,20151009,SPX,2014.89,1,0
108105,20151012,SPX,2017.46,1,0
108105,20151013,SPX,2003.69,1,0
108105,20151014,SPX,1994.24,1,0
108105,20151015,SPX,2023.86,1,0
108105,20151016,SPX,2033.11,1,0
108105,20151019,SPX,2033.66,1,0
108105,20151020,SPX,2030.77,1,0
108105,20151021,SPX,2018.94,1,0
108105,20151022,SPX,2052.51,1,0
108105,20151023,SPX,2075.15,1,0
108105,20151026,SPX,2071.18,1,0
108105,20151027,SPX,2065.89,1,0
108105,20151028,SPX,2090.35,1,0
108105,20151029,SPX,2089.41,1,0
108105,20151030,SPX,2079.36,1,0
108105,20151102,SPX,2104.05,1,0
108105,20151103,SPX,2109.79,1,0
108105,20151104,SPX,2102.31,1,0
108105,20151105,SPX,2099.93,1,0
108105,20151106,SPX,2099.2,1,0
108105,20151109,SPX,2078.58,1,0
108105,20151110,SPX,2081.72,1,0
108105,20151111,SPX,2075,1,0
108105,20151112,SPX,2045.97,1,0
108105,20151113,SPX,2023.04,1,0
108105,20151116,SPX,2053.19,1,0
108105,20151117,SPX,2050.44,1,0
108105,20151118,SPX,2083.58,1,0
108105,20151119,SPX,2081.24,1,0
108105,20151120,SPX,2089.17,1,0
108105,20151123,SPX,2086.59,1,0
108105,20151124,SPX,2089.14,1,0
108105,20151125,SPX,2088.87,1,0
108105,20151127,SPX,2090.11,1,0
108105,20151130,SPX,2080.41,1,0
108105,20151201,SPX,2102.63,1,0
108105,20151202,SPX,2079.51,1,0
108105,20151203,SPX,2049.62,1,0
108105,20151204,SPX,2091.69,1,0
108105,20151207,SPX,2077.07,1,0
108105,20151208,SPX,2063.59,1,0
108105,20151209,SPX,2047.62,1,0
108105,20151210,SPX,2052.23,1,0
108105,20151211,SPX,2012.37,1,0
108105,20151214,SPX,2021.94,1,0
108105,20151215,SPX,2043.41,1,0
108105,20151216,SPX,2073.07,1,0
108105,20151217,SPX,2041.89,1,0
108105,20151218,SPX,2005.55,1,0
108105,20151221,SPX,2021.15,1,0
108105,20151222,SPX,2038.97,1,0
108105,20151223,SPX,2064.29,1,0
108105,20151224,SPX,2060.99,1,0
108105,20151228,SPX,2056.5,1,0
108105,20151229,SPX,2078.36,1,0
108105,20151230,SPX,2063.36,1,0
108105,20151231,SPX,2043.94,1,0
108105,20160104,SPX,2012.66,1,0
108105,20160105,SPX,2016.71,1,0
108105,20160106,SPX,1990.26,1,0
108105,20160107,SPX,1943.09,1,0
108105,20160108,SPX,1922.03,1,0
108105,20160111,SPX,1923.67,1,0
108105,20160112,SPX,1938.68,1,0
108105,20160113,SPX,1890.28,1,0
108105,20160114,SPX,1921.84,1,0
108105,20160115,SPX,1880.33,1,0
108105,20160119,SPX,1881.33,1,0
108105,20160120,SPX,1859.33,1,0
108105,20160121,SPX,1868.99,1,0
108105,20160122,SPX,1906.9,1,0
108105,20160125,SPX,1877.08,1,0
108105,20160126,SPX,1903.63,1,0
108105,20160127,SPX,1882.95,1,0
108105,20160128,SPX,1893.36,1,0
108105,20160129,SPX,1940.24,1,0
108105,20160201,SPX,1939.38,1,0
108105,20160202,SPX,1903.03,1,0
108105,20160203,SPX,1912.53,1,0
108105,20160204,SPX,1915.45,1,0
108105,20160205,SPX,1880.05,1,0
108105,20160208,SPX,1853.44,1,0
108105,20160209,SPX,1852.21,1,0
108105,20160210,SPX,1851.86,1,0
108105,20160211,SPX,1829.08,1,0
108105,20160212,SPX,1864.78,1,0
108105,20160216,SPX,1895.58,1,0
108105,20160217,SPX,1926.82,1,0
108105,20160218,SPX,1917.83,1,0
108105,20160219,SPX,1917.78,1,0
108105,20160222,SPX,1945.5,1,0
108105,20160223,SPX,1921.27,1,0
108105,20160224,SPX,1929.8,1,0
108105,20160225,SPX,1951.7,1,0
108105,20160226,SPX,1948.05,1,0
108105,20160229,SPX,1932.23,1,0
108105,20160301,SPX,1978.35,1,0
108105,20160302,SPX,1986.45,1,0
108105,20160303,SPX,1993.4,1,0
108105,20160304,SPX,1999.99,1,0
108105,20160307,SPX,2001.76,1,0
108105,20160308,SPX,1979.26,1,0
108105,20160309,SPX,1989.26,1,0
108105,20160310,SPX,1989.57,1,0
108105,20160311,SPX,2022.19,1,0
108105,20160314,SPX,2019.64,1,0
108105,20160315,SPX,2015.93,1,0
108105,20160316,SPX,2027.22,1,0
108105,20160317,SPX,2040.59,1,0
108105,20160318,SPX,2049.58,1,0
108105,20160321,SPX,2051.6,1,0
108105,20160322,SPX,2049.8,1,0
108105,20160323,SPX,2036.71,1,0
108105,20160324,SPX,2035.94,1,0
108105,20160328,SPX,2037.05,1,0
108105,20160329,SPX,2055.01,1,0
108105,20160330,SPX,2063.95,1,0
108105,20160331,SPX,2059.74,1,0
108105,20160401,SPX,2072.78,1,0
108105,20160404,SPX,2066.13,1,0
108105,20160405,SPX,2045.17,1,0
108105,20160406,SPX,2066.66,1,0
108105,20160407,SPX,2041.91,1,0
108105,20160408,SPX,2047.6,1,0
108105,20160411,SPX,2041.99,1,0
108105,20160412,SPX,2061.72,1,0
108105,20160413,SPX,2082.42,1,0
108105,20160414,SPX,2082.78,1,0
108105,20160415,SPX,2080.73,1,0
108105,20160418,SPX,2094.34,1,0
108105,20160419,SPX,2100.8,1,0
108105,20160420,SPX,2102.4,1,0
108105,20160421,SPX,2091.48,1,0
108105,20160422,SPX,2091.58,1,0
108105,20160425,SPX,2087.79,1,0
108105,20160426,SPX,2091.7,1,0
108105,20160427,SPX,2095.15,1,0
108105,20160428,SPX,2075.81,1,0
108105,20160429,SPX,2065.3,1,0
108105,20160502,SPX,2081.43,1,0
108105,20160503,SPX,2063.37,1,0
108105,20160504,SPX,2051.12,1,0
108105,20160505,SPX,2050.63,1,0
108105,20160506,SPX,2057.14,1,0
108105,20160509,SPX,2058.69,1,0
108105,20160510,SPX,2084.39,1,0
108105,20160511,SPX,2064.46,1,0
108105,20160512,SPX,2064.11,1,0
108105,20160513,SPX,2046.61,1,0
108105,20160516,SPX,2066.66,1,0
108105,20160517,SPX,2047.21,1,0
108105,20160518,SPX,2047.63,1,0
108105,20160519,SPX,2040.04,1,0
108105,20160520,SPX,2052.32,1,0
108105,20160523,SPX,2048.04,1,0
108105,20160524,SPX,2076.06,1,0
108105,20160525,SPX,2090.54,1,0
108105,20160526,SPX,2090.1,1,0
108105,20160527,SPX,2099.06,1,0
108105,20160531,SPX,2096.96,1,0
108105,20160601,SPX,2099.33,1,0
108105,20160602,SPX,2105.26,1,0
108105,20160603,SPX,2099.13,1,0
108105,20160606,SPX,2109.41,1,0
108105,20160607,SPX,2112.13,1,0
108105,20160608,SPX,2119.12,1,0
108105,20160609,SPX,2115.48,1,0
108105,20160610,SPX,2096.07,1,0
108105,20160613,SPX,2079.06,1,0
108105,20160614,SPX,2075.32,1,0
108105,20160615,SPX,2071.5,1,0
108105,20160616,SPX,2077.99,1,0
108105,20160617,SPX,2071.22,1,0
108105,20160620,SPX,2083.25,1,0
108105,20160621,SPX,2088.9,1,0
108105,20160622,SPX,2085.45,1,0
108105,20160623,SPX,2113.32,1,0
108105,20160624,SPX,2037.41,1,0
108105,20160627,SPX,2000.54,1,0
108105,20160628,SPX,2036.09,1,0
108105,20160629,SPX,2070.77,1,0
108105,20160630,SPX,2098.86,1,0
108105,20160701,SPX,2102.95,1,0
108105,20160705,SPX,2088.55,1,0
108105,20160706,SPX,2099.73,1,0
108105,20160707,SPX,2097.9,1,0
108105,20160708,SPX,2129.9,1,0
108105,20160711,SPX,2137.16,1,0
108105,20160712,SPX,2152.14,1,0
108105,20160713,SPX,2152.43,1,0
108105,20160714,SPX,2163.75,1,0
108105,20160715,SPX,2161.74,1,0
108105,20160718,SPX,2166.89,1,0
108105,20160719,SPX,2163.78,1,0
108105,20160720,SPX,2173.02,1,0
108105,20160721,SPX,2165.17,1,0
108105,20160722,SPX,2175.03,1,0
108105,20160725,SPX,2168.48,1,0
108105,20160726,SPX,2169.18,1,0
108105,20160727,SPX,2166.58,1,0
108105,20160728,SPX,2170.06,1,0
108105,20160729,SPX,2173.6,1,0
108105,20160801,SPX,2170.84,1,0
108105,20160802,SPX,2157.03,1,0
108105,20160803,SPX,2163.79,1,0
108105,20160804,SPX,2164.25,1,0
108105,20160805,SPX,2182.87,1,0
108105,20160808,SPX,2180.89,1,0
108105,20160809,SPX,2181.74,1,0
108105,20160810,SPX,2175.49,1,0
108105,20160811,SPX,2185.79,1,0
108105,20160812,SPX,2184.05,1,0
108105,20160815,SPX,2190.15,1,0
108105,20160816,SPX,2178.15,1,0
108105,20160817,SPX,2182.22,1,0
108105,20160818,SPX,2187.02,1,0
108105,20160819,SPX,2183.87,1,0
108105,20160822,SPX,2182.64,1,0
108105,20160823,SPX,2186.9,1,0
108105,20160824,SPX,2175.44,1,0
108105,20160825,SPX,2172.47,1,0
108105,20160826,SPX,2169.04,1,0
108105,20160829,SPX,2180.38,1,0
108105,20160830,SPX,2176.12,1,0
108105,20160831,SPX,2170.95,1,0
108105,20160901,SPX,2170.86,1,0
108105,20160902,SPX,2179.98,1,0
108105,20160906,SPX,2186.48,1,0
108105,20160907,SPX,2186.16,1,0
108105,20160908,SPX,2181.3,1,0
108105,20160909,SPX,2127.81,1,0
108105,20160912,SPX,2159.04,1,0
108105,20160913,SPX,2127.02,1,0
108105,20160914,SPX,2125.77,1,0
108105,20160915,SPX,2147.26,1,0
108105,20160916,SPX,2139.16,1,0
108105,20160919,SPX,2139.12,1,0
108105,20160920,SPX,2139.76,1,0
108105,20160921,SPX,2163.12,1,0
108105,20160922,SPX,2177.18,1,0
108105,20160923,SPX,2164.69,1,0
108105,20160926,SPX,2146.1,1,0
108105,20160927,SPX,2159.93,1,0
108105,20160928,SPX,2171.37,1,0
108105,20160929,SPX,2151.13,1,0
108105,20160930,SPX,2168.27,1,0
108105,20161003,SPX,2161.2,1,0
108105,20161004,SPX,2150.49,1,0
108105,20161005,SPX,2159.73,1,0
108105,20161006,SPX,2160.77,1,0
108105,20161007,SPX,2153.74,1,0
108105,20161010,SPX,2163.66,1,0
108105,20161011,SPX,2136.73,1,0
108105,20161012,SPX,2139.18,1,0
108105,20161013,SPX,2132.55,1,0
108105,20161014,SPX,2132.98,1,0
108105,20161017,SPX,2126.5,1,0
108105,20161018,SPX,2139.6,1,0
108105,20161019,SPX,2144.29,1,0
108105,20161020,SPX,2141.34,1,0
108105,20161021,SPX,2141.16,1,0
108105,20161024,SPX,2151.33,1,0
108105,20161025,SPX,2143.16,1,0
108105,20161026,SPX,2139.43,1,0
108105,20161027,SPX,2133.04,1,0
108105,20161028,SPX,2126.41,1,0
108105,20161031,SPX,2126.15,1,0
108105,20161101,SPX,2111.72,1,0
108105,20161102,SPX,2097.94,1,0
108105,20161103,SPX,2088.66,1,0
108105,20161104,SPX,2085.18,1,0
108105,20161107,SPX,2131.52,1,0
108105,20161108,SPX,2139.56,1,0
108105,20161109,SPX,2163.26,1,0
108105,20161110,SPX,2167.48,1,0
108105,20161111,SPX,2164.45,1,0
108105,20161114,SPX,2164.2,1,0
108105,20161115,SPX,2180.39,1,0
108105,20161116,SPX,2176.94,1,0
108105,20161117,SPX,2187.12,1,0
108105,20161118,SPX,2181.9,1,0
108105,20161121,SPX,2198.18,1,0
108105,20161122,SPX,2202.94,1,0
108105,20161123,SPX,2204.72,1,0
108105,20161125,SPX,2213.35,1,0
108105,20161128,SPX,2201.72,1,0
108105,20161129,SPX,2204.66,1,0
108105,20161130,SPX,2198.81,1,0
108105,20161201,SPX,2191.08,1,0
108105,20161202,SPX,2191.95,1,0
108105,20161205,SPX,2204.71,1,0
108105,20161206,SPX,2212.23,1,0
108105,20161207,SPX,2241.35,1,0
108105,20161208,SPX,2246.19,1,0
108105,20161209,SPX,2259.53,1,0
108105,20161212,SPX,2256.96,1,0
108105,20161213,SPX,2271.72,1,0
108105,20161214,SPX,2253.28,1,0
108105,20161215,SPX,2262.03,1,0
108105,20161216,SPX,2258.07,1,0
108105,20161219,SPX,2262.53,1,0
108105,20161220,SPX,2270.76,1,0
108105,20161221,SPX,2265.18,1,0
108105,20161222,SPX,2260.96,1,0
108105,20161223,SPX,2263.79,1,0
108105,20161227,SPX,2268.88,1,0
108105,20161228,SPX,2249.92,1,0
108105,20161229,SPX,2249.26,1,0
108105,20161230,SPX,2238.83,1,0
108105,20170103,SPX,2257.83,1,0
108105,20170104,SPX,2270.75,1,0
108105,20170105,SPX,2269,1,0
108105,20170106,SPX,2276.98,1,0
108105,20170109,SPX,2268.9,1,0
108105,20170110,SPX,2268.9,1,0
108105,20170111,SPX,2275.32,1,0
108105,20170112,SPX,2270.44,1,0
108105,20170113,SPX,2274.64,1,0
108105,20170117,SPX,2267.89,1,0
108105,20170118,SPX,2271.89,1,0
108105,20170119,SPX,2263.69,1,0
108105,20170120,SPX,2271.31,1,0
108105,20170123,SPX,2265.2,1,0
108105,20170124,SPX,2280.07,1,0
108105,20170125,SPX,2298.37,1,0
108105,20170126,SPX,2296.68,1,0
108105,20170127,SPX,2294.69,1,0
108105,20170130,SPX,2280.9,1,0
108105,20170131,SPX,2278.87,1,0
108105,20170201,SPX,2279.55,1,0
108105,20170202,SPX,2280.85,1,0
108105,20170203,SPX,2297.42,1,0
108105,20170206,SPX,2292.56,1,0
108105,20170207,SPX,2293.08,1,0
108105,20170208,SPX,2294.67,1,0
108105,20170209,SPX,2307.87,1,0
108105,20170210,SPX,2316.1,1,0
108105,20170213,SPX,2328.25,1,0
108105,20170214,SPX,2337.58,1,0
108105,20170215,SPX,2349.25,1,0
108105,20170216,SPX,2347.22,1,0
108105,20170217,SPX,2351.16,1,0
108105,20170221,SPX,2365.38,1,0
108105,20170222,SPX,2362.82,1,0
108105,20170223,SPX,2363.81,1,0
108105,20170224,SPX,2367.34,1,0
108105,20170227,SPX,2369.75,1,0
108105,20170228,SPX,2363.64,1,0
108105,20170301,SPX,2395.96,1,0
108105,20170302,SPX,2381.92,1,0
108105,20170303,SPX,2383.12,1,0
108105,20170306,SPX,2375.31,1,0
108105,20170307,SPX,2368.39,1,0
108105,20170308,SPX,2362.98,1,0
108105,20170309,SPX,2364.87,1,0
108105,20170310,SPX,2372.6,1,0
108105,20170313,SPX,2373.47,1,0
108105,20170314,SPX,2365.45,1,0
108105,20170315,SPX,2385.26,1,0
108105,20170316,SPX,2381.38,1,0
108105,20170317,SPX,2378.25,1,0
108105,20170320,SPX,2373.47,1,0
108105,20170321,SPX,2344.02,1,0
108105,20170322,SPX,2348.45,1,0
108105,20170323,SPX,2345.96,1,0
108105,20170324,SPX,2343.98,1,0
108105,20170327,SPX,2341.59,1,0
108105,20170328,SPX,2358.57,1,0
108105,20170329,SPX,2361.13,1,0
108105,20170330,SPX,2368.06,1,0
108105,20170331,SPX,2362.72,1,0
108105,20170403,SPX,2358.84,1,0
108105,20170404,SPX,2360.16,1,0
108105,20170405,SPX,2352.95,1,0
108105,20170406,SPX,2357.49,1,0
108105,20170407,SPX,2355.54,1,0
108105,20170410,SPX,2357.16,1,0
108105,20170411,SPX,2353.78,1,0
108105,20170412,SPX,2344.93,1,0
108105,20170413,SPX,2328.95,1,0
108105,20170417,SPX,2349.01,1,0
108105,20170418,SPX,2342.19,1,0
108105,20170419,SPX,2338.17,1,0
108105,20170420,SPX,2355.84,1,0
108105,20170421,SPX,2348.69,1,0
108105,20170424,SPX,2374.15,1,0
108105,20170425,SPX,2388.61,1,0
108105,20170426,SPX,2387.45,1,0
108105,20170427,SPX,2388.77,1,0
108105,20170428,SPX,2384.2,1,0
108105,20170501,SPX,2388.33,1,0
108105,20170502,SPX,2391.17,1,0
108105,20170503,SPX,2388.13,1,0
108105,20170504,SPX,2389.52,1,0
108105,20170505,SPX,2399.29,1,0
108105,20170508,SPX,2399.38,1,0
108105,20170509,SPX,2396.92,1,0
108105,20170510,SPX,2399.63,1,0
108105,20170511,SPX,2394.44,1,0
108105,20170512,SPX,2390.9,1,0
108105,20170515,SPX,2402.32,1,0
108105,20170516,SPX,2400.67,1,0
108105,20170517,SPX,2357.03,1,0
108105,20170518,SPX,2365.72,1,0
108105,20170519,SPX,2381.73,1,0
108105,20170522,SPX,2394.02,1,0
108105,20170523,SPX,2398.42,1,0
108105,20170524,SPX,2404.39,1,0
108105,20170525,SPX,2415.07,1,0
108105,20170526,SPX,2415.82,1,0
108105,20170530,SPX,2412.91,1,0
108105,20170531,SPX,2411.8,1,0
108105,20170601,SPX,2430.06,1,0
108105,20170602,SPX,2439.07,1,0
108105,20170605,SPX,2436.1,1,0
108105,20170606,SPX,2429.33,1,0
108105,20170607,SPX,2433.14,1,0
108105,20170608,SPX,2433.79,1,0
108105,20170609,SPX,2431.77,1,0
108105,20170612,SPX,2429.39,1,0
108105,20170613,SPX,2440.35,1,0
108105,20170614,SPX,2437.92,1,0
108105,20170615,SPX,2432.46,1,0
108105,20170616,SPX,2433.15,1,0
108105,20170619,SPX,2453.46,1,0
108105,20170620,SPX,2437.03,1,0
108105,20170621,SPX,2435.61,1,0
108105,20170622,SPX,2434.5,1,0
108105,20170623,SPX,2438.3,1,0
108105,20170626,SPX,2439.07,1,0
108105,20170627,SPX,2419.38,1,0
108105,20170628,SPX,2440.69,1,0
108105,20170629,SPX,2419.7,1,0
108105,20170630,SPX,2423.41,1,0
108105,20170703,SPX,2429.01,1,0
108105,20170705,SPX,2432.54,1,0
108105,20170706,SPX,2409.75,1,0
108105,20170707,SPX,2425.18,1,0
108105,20170710,SPX,2427.43,1,0
108105,20170711,SPX,2425.53,1,0
108105,20170712,SPX,2443.25,1,0
108105,20170713,SPX,2447.83,1,0
108105,20170714,SPX,2459.27,1,0
108105,20170717,SPX,2459.14,1,0
108105,20170718,SPX,2460.61,1,0
108105,20170719,SPX,2473.83,1,0
108105,20170720,SPX,2473.45,1,0
108105,20170721,SPX,2472.54,1,0
108105,20170724,SPX,2469.91,1,0
108105,20170725,SPX,2477.13,1,0
108105,20170726,SPX,2477.83,1,0
108105,20170727,SPX,2475.42,1,0
108105,20170728,SPX,2472.1,1,0
108105,20170731,SPX,2470.3,1,0
108105,20170801,SPX,2476.35,1,0
108105,20170802,SPX,2477.57,1,0
108105,20170803,SPX,2472.16,1,0
108105,20170804,SPX,2476.83,1,0
108105,20170807,SPX,2480.91,1,0
108105,20170808,SPX,2474.92,1,0
108105,20170809,SPX,2474.02,1,0
108105,20170810,SPX,2438.21,1,0
108105,20170811,SPX,2441.32,1,0
108105,20170814,SPX,2465.84,1,0
108105,20170815,SPX,2464.61,1,0
108105,20170816,SPX,2468.11,1,0
108105,20170817,SPX,2430.01,1,0
108105,20170818,SPX,2425.55,1,0
108105,20170821,SPX,2428.37,1,0
108105,20170822,SPX,2452.51,1,0
108105,20170823,SPX,2444.04,1,0
108105,20170824,SPX,2438.97,1,0
108105,20170825,SPX,2443.05,1,0
108105,20170828,SPX,2444.24,1,0
108105,20170829,SPX,2446.3,1,0
108105,20170830,SPX,2457.59,1,0
108105,20170831,SPX,2471.65,1,0
108105,20170901,SPX,2476.55,1,0
108105,20170905,SPX,2457.85,1,0
108105,20170906,SPX,2465.54,1,0
108105,20170907,SPX,2465.1,1,0
108105,20170908,SPX,2461.43,1,0
108105,20170911,SPX,2488.11,1,0
108105,20170912,SPX,2496.48,1,0
108105,20170913,SPX,2498.37,1,0
108105,20170914,SPX,2495.62,1,0
108105,20170915,SPX,2500.23,1,0
108105,20170918,SPX,2503.87,1,0
108105,20170919,SPX,2506.65,1,0
108105,20170920,SPX,2508.24,1,0
108105,20170921,SPX,2500.6,1,0
108105,20170922,SPX,2502.22,1,0
108105,20170925,SPX,2496.66,1,0
108105,20170926,SPX,2496.84,1,0
108105,20170927,SPX,2507.04,1,0
108105,20170928,SPX,2510.06,1,0
108105,20170929,SPX,2519.36,1,0
108105,20171002,SPX,2529.12,1,0
108105,20171003,SPX,2534.58,1,0
108105,20171004,SPX,2537.74,1,0
108105,20171005,SPX,2552.07,1,0
108105,20171006,SPX,2549.33,1,0
108105,20171009,SPX,2544.73,1,0
108105,20171010,SPX,2550.64,1,0
108105,20171011,SPX,2555.24,1,0
108105,20171012,SPX,2550.93,1,0
108105,20171013,SPX,2553.17,1,0
108105,20171016,SPX,2557.64,1,0
108105,20171017,SPX,2559.36,1,0
108105,20171018,SPX,2561.26,1,0
108105,20171019,SPX,2562.1,1,0
108105,20171020,SPX,2575.21,1,0
108105,20171023,SPX,2564.98,1,0
108105,20171024,SPX,2569.13,1,0
108105,20171025,SPX,2557.15,1,0
108105,20171026,SPX,2560.4,1,0
108105,20171027,SPX,2581.07,1,0
108105,20171030,SPX,2572.83,1,0
108105,20171031,SPX,2575.26,1,0
108105,20171101,SPX,2579.36,1,0
108105,20171102,SPX,2579.85,1,0
108105,20171103,SPX,2587.84,1,0
108105,20171106,SPX,2591.13,1,0
108105,20171107,SPX,2590.64,1,0
108105,20171108,SPX,2594.38,1,0
108105,20171109,SPX,2584.62,1,0
108105,20171110,SPX,2582.3,1,0
108105,20171113,SPX,2584.84,1,0
108105,20171114,SPX,2578.87,1,0
108105,20171115,SPX,2564.62,1,0
108105,20171116,SPX,2585.64,1,0
108105,20171117,SPX,2578.85,1,0
108105,20171120,SPX,2582.14,1,0
108105,20171121,SPX,2599.03,1,0
108105,20171122,SPX,2597.08,1,0
108105,20171124,SPX,2602.42,1,0
108105,20171127,SPX,2601.42,1,0
108105,20171128,SPX,2627.04,1,0
108105,20171129,SPX,2626.07,1,0
108105,20171130,SPX,2647.58,1,0
108105,20171201,SPX,2642.22,1,0
108105,20171204,SPX,2639.44,1,0
108105,20171205,SPX,2629.57,1,0
108105,20171206,SPX,2629.27,1,0
108105,20171207,SPX,2636.98,1,0
108105,20171208,SPX,2651.5,1,0
108105,20171211,SPX,2659.99,1,0
108105,20171212,SPX,2664.11,1,0
108105,20171213,SPX,2662.85,1,0
108105,20171214,SPX,2652.01,1,0
108105,20171215,SPX,2675.81,1,0
108105,20171218,SPX,2690.16,1,0
108105,20171219,SPX,2681.47,1,0
108105,20171220,SPX,2679.25,1,0
108105,20171221,SPX,2684.57,1,0
108105,20171222,SPX,2683.34,1,0
108105,20171226,SPX,2680.5,1,0
108105,20171227,SPX,2682.62,1,0
108105,20171228,SPX,2687.54,1,0
108105,20171229,SPX,2673.61,1,0
108105,20180102,SPX,2695.81,1,0
108105,20180103,SPX,2713.06,1,0
108105,20180104,SPX,2723.99,1,0
108105,20180105,SPX,2743.15,1,0
108105,20180108,SPX,2747.71,1,0
108105,20180109,SPX,2751.29,1,0
108105,20180110,SPX,2748.23,1,0
108105,20180111,SPX,2767.56,1,0
108105,20180112,SPX,2786.24,1,0
108105,20180116,SPX,2776.42,1,0
108105,20180117,SPX,2802.56,1,0
108105,20180118,SPX,2798.03,1,0
108105,20180119,SPX,2810.3,1,0
108105,20180122,SPX,2832.97,1,0
108105,20180123,SPX,2839.13,1,0
108105,20180124,SPX,2837.54,1,0
108105,20180125,SPX,2839.25,1,0
108105,20180126,SPX,2872.87,1,0
108105,20180129,SPX,2853.53,1,0
108105,20180130,SPX,2822.43,1,0
108105,20180131,SPX,2823.81,1,0
108105,20180201,SPX,2821.98,1,0
108105,20180202,SPX,2762.13,1,0
108105,20180205,SPX,2648.94,1,0
108105,20180206,SPX,2695.14,1,0
108105,20180207,SPX,2681.66,1,0
108105,20180208,SPX,2581,1,0
108105,20180209,SPX,2619.55,1,0
108105,20180212,SPX,2656,1,0
108105,20180213,SPX,2662.94,1,0
108105,20180214,SPX,2698.63,1,0
108105,20180215,SPX,2731.2,1,0
108105,20180216,SPX,2732.22,1,0
108105,20180220,SPX,2716.26,1,0
108105,20180221,SPX,2701.33,1,0
108105,20180222,SPX,2703.96,1,0
108105,20180223,SPX,2747.3,1,0
108105,20180226,SPX,2779.6,1,0
108105,20180227,SPX,2744.28,1,0
108105,20180228,SPX,2713.83,1,0
108105,20180301,SPX,2677.67,1,0
108105,20180302,SPX,2691.25,1,0
108105,20180305,SPX,2720.94,1,0
108105,20180306,SPX,2728.12,1,0
108105,20180307,SPX,2726.8,1,0
108105,20180308,SPX,2738.97,1,0
108105,20180309,SPX,2786.57,1,0
108105,20180312,SPX,2783.02,1,0
108105,20180313,SPX,2765.31,1,0
108105,20180314,SPX,2749.48,1,0
108105,20180315,SPX,2747.33,1,0
108105,20180316,SPX,2752.01,1,0
108105,20180319,SPX,2712.92,1,0
108105,20180320,SPX,2716.94,1,0
108105,20180321,SPX,2711.93,1,0
108105,20180322,SPX,2643.69,1,0
108105,20180323,SPX,2588.26,1,0
108105,20180326,SPX,2658.55,1,0
108105,20180327,SPX,2612.62,1,0
108105,20180328,SPX,2605,1,0
108105,20180329,SPX,2640.87,1,0
108105,20180402,SPX,2581.88,1,0
108105,20180403,SPX,2614.45,1,0
108105,20180404,SPX,2644.69,1,0
108105,20180405,SPX,2662.84,1,0
108105,20180406,SPX,2604.47,1,0
108105,20180409,SPX,2613.16,1,0
108105,20180410,SPX,2656.87,1,0
108105,20180411,SPX,2642.19,1,0
108105,20180412,SPX,2663.99,1,0
108105,20180413,SPX,2656.3,1,0
108105,20180416,SPX,2677.84,1,0
108105,20180417,SPX,2706.39,1,0
108105,20180418,SPX,2708.64,1,0
108105,20180419,SPX,2693.13,1,0
108105,20180420,SPX,2670.14,1,0
108105,20180423,SPX,2670.29,1,0
108105,20180424,SPX,2634.56,1,0
108105,20180425,SPX,2639.4,1,0
108105,20180426,SPX,2666.94,1,0
108105,20180427,SPX,2669.91,1,0
108105,20180430,SPX,2648.05,1,0
108105,20180501,SPX,2654.8,1,0
108105,20180502,SPX,2635.67,1,0
108105,20180503,SPX,2629.73,1,0
108105,20180504,SPX,2663.42,1,0
108105,20180507,SPX,2672.63,1,0
108105,20180508,SPX,2671.92,1,0
108105,20180509,SPX,2697.79,1,0
108105,20180510,SPX,2723.07,1,0
108105,20180511,SPX,2727.72,1,0
108105,20180514,SPX,2730.13,1,0
108105,20180515,SPX,2711.45,1,0
108105,20180516,SPX,2722.46,1,0
108105,20180517,SPX,2720.13,1,0
108105,20180518,SPX,2712.97,1,0
108105,20180521,SPX,2733.01,1,0
108105,20180522,SPX,2724.44,1,0
108105,20180523,SPX,2733.29,1,0
108105,20180524,SPX,2727.76,1,0
108105,20180525,SPX,2721.33,1,0
108105,20180529,SPX,2689.86,1,0
108105,20180530,SPX,2724.01,1,0
108105,20180531,SPX,2705.27,1,0
108105,20180601,SPX,2734.62,1,0
108105,20180604,SPX,2746.87,1,0
108105,20180605,SPX,2748.8,1,0
108105,20180606,SPX,2772.35,1,0
108105,20180607,SPX,2770.37,1,0
108105,20180608,SPX,2779.03,1,0
108105,20180611,SPX,2782,1,0
108105,20180612,SPX,2786.85,1,0
108105,20180613,SPX,2775.63,1,0
108105,20180614,SPX,2782.49,1,0
108105,20180615,SPX,2779.66,1,0
108105,20180618,SPX,2773.75,1,0
108105,20180619,SPX,2762.59,1,0
108105,20180620,SPX,2767.32,1,0
108105,20180621,SPX,2749.76,1,0
108105,20180622,SPX,2754.88,1,0
108105,20180625,SPX,2717.07,1,0
108105,20180626,SPX,2723.06,1,0
108105,20180627,SPX,2699.63,1,0
108105,20180628,SPX,2716.31,1,0
108105,20180629,SPX,2718.37,1,0
108105,20180702,SPX,2726.71,1,0
108105,20180703,SPX,2713.22,1,0
108105,20180705,SPX,2736.61,1,0
108105,20180706,SPX,2759.82,1,0
108105,20180709,SPX,2784.17,1,0
108105,20180710,SPX,2793.84,1,0
108105,20180711,SPX,2774.02,1,0
108105,20180712,SPX,2798.29,1,0
108105,20180713,SPX,2801.31,1,0
108105,20180716,SPX,2798.43,1,0
108105,20180717,SPX,2809.55,1,0
108105,20180718,SPX,2815.62,1,0
108105,20180719,SPX,2804.49,1,0
108105,20180720,SPX,2801.83,1,0
108105,20180723,SPX,2806.98,1,0
108105,20180724,SPX,2820.4,1,0
108105,20180725,SPX,2846.07,1,0
108105,20180726,SPX,2837.44,1,0
108105,20180727,SPX,2818.82,1,0
108105,20180730,SPX,2802.6,1,0
108105,20180731,SPX,2816.29,1,0
108105,20180801,SPX,2813.36,1,0
108105,20180802,SPX,2827.22,1,0
108105,20180803,SPX,2840.35,1,0
108105,20180806,SPX,2850.4,1,0
108105,20180807,SPX,2858.45,1,0
108105,20180808,SPX,2857.7,1,0
108105,20180809,SPX,2853.58,1,0
108105,20180810,SPX,2833.28,1,0
108105,20180813,SPX,2821.93,1,0
108105,20180814,SPX,2839.96,1,0
108105,20180815,SPX,2818.37,1,0
108105,20180816,SPX,2840.69,1,0
108105,20180817,SPX,2850.13,1,0
108105,20180820,SPX,2857.05,1,0
108105,20180821,SPX,2862.96,1,0
108105,20180822,SPX,2861.82,1,0
108105,20180823,SPX,2856.98,1,0
108105,20180824,SPX,2874.69,1,0
108105,20180827,SPX,2896.74,1,0
108105,20180828,SPX,2897.52,1,0
108105,20180829,SPX,2914.04,1,0
108105,20180830,SPX,2901.13,1,0
108105,20180831,SPX,2901.52,1,0
108105,20180904,SPX,2896.72,1,0
108105,20180905,SPX,2888.6,1,0
108105,20180906,SPX,2878.05,1,0
108105,20180907,SPX,2871.68,1,0
108105,20180910,SPX,2877.13,1,0
108105,20180911,SPX,2887.89,1,0
108105,20180912,SPX,2888.92,1,0
108105,20180913,SPX,2904.18,1,0
108105,20180914,SPX,2904.98,1,0
108105,20180917,SPX,2888.8,1,0
108105,20180918,SPX,2904.31,1,0
108105,20180919,SPX,2907.95,1,0
108105,20180920,SPX,2930.75,1,0
108105,20180921,SPX,2929.67,1,0
108105,20180924,SPX,2919.37,1,0
108105,20180925,SPX,2915.56,1,0
108105,20180926,SPX,2905.97,1,0
108105,20180927,SPX,2914,1,0
108105,20180928,SPX,2913.98,1,0
108105,20181001,SPX,2924.59,1,0
108105,20181002,SPX,2923.43,1,0
108105,20181003,SPX,2925.51,1,0
108105,20181004,SPX,2901.61,1,0
108105,20181005,SPX,2885.57,1,0
108105,20181008,SPX,2884.43,1,0
108105,20181009,SPX,2880.34,1,0
108105,20181010,SPX,2785.68,1,0
108105,20181011,SPX,2728.37,1,0
108105,20181012,SPX,2767.13,1,0
108105,20181015,SPX,2750.79,1,0
108105,20181016,SPX,2809.92,1,0
108105,20181017,SPX,2809.21,1,0
108105,20181018,SPX,2768.78,1,0
108105,20181019,SPX,2767.78,1,0
108105,20181022,SPX,2755.88,1,0
108105,20181023,SPX,2740.69,1,0
108105,20181024,SPX,2656.1,1,0
108105,20181025,SPX,2705.57,1,0
108105,20181026,SPX,2658.69,1,0
108105,20181029,SPX,2641.25,1,0
108105,20181030,SPX,2682.63,1,0
108105,20181031,SPX,2711.74,1,0
108105,20181101,SPX,2740.37,1,0
108105,20181102,SPX,2723.06,1,0
108105,20181105,SPX,2738.31,1,0
108105,20181106,SPX,2755.45,1,0
108105,20181107,SPX,2813.89,1,0
108105,20181108,SPX,2806.83,1,0
108105,20181109,SPX,2781.01,1,0
108105,20181112,SPX,2726.22,1,0
108105,20181113,SPX,2722.18,1,0
108105,20181114,SPX,2701.58,1,0
108105,20181115,SPX,2730.2,1,0
108105,20181116,SPX,2736.27,1,0
108105,20181119,SPX,2690.73,1,0
108105,20181120,SPX,2641.89,1,0
108105,20181121,SPX,2649.93,1,0
108105,20181123,SPX,2632.56,1,0
108105,20181126,SPX,2673.45,1,0
108105,20181127,SPX,2682.17,1,0
108105,20181128,SPX,2743.79,1,0
108105,20181129,SPX,2737.76,1,0
108105,20181130,SPX,2760.17,1,0
108105,20181203,SPX,2790.37,1,0
108105,20181204,SPX,2700.06,1,0
108105,20181206,SPX,2695.95,1,0
108105,20181207,SPX,2633.08,1,0
108105,20181210,SPX,2637.72,1,0
108105,20181211,SPX,2636.78,1,0
108105,20181212,SPX,2651.07,1,0
108105,20181213,SPX,2650.54,1,0
108105,20181214,SPX,2599.95,1,0
108105,20181217,SPX,2545.94,1,0
108105,20181218,SPX,2546.16,1,0
108105,20181219,SPX,2506.96,1,0
108105,20181220,SPX,2467.42,1,0
108105,20181221,SPX,2416.62,1,0
108105,20181224,SPX,2351.1,1,0
108105,20181226,SPX,2467.7,1,0
108105,20181227,SPX,2488.83,1,0
108105,20181228,SPX,2485.74,1,0
108105,20181231,SPX,2506.85,1,0
108105,20190102,SPX,2510.03,1,0
108105,20190103,SPX,2447.89,1,0
108105,20190104,SPX,2531.94,1,0
108105,20190107,SPX,2549.69,1,0
108105,20190108,SPX,2574.41,1,0
108105,20190109,SPX,2584.96,1,0
108105,20190110,SPX,2596.64,1,0
108105,20190111,SPX,2596.26,1,0
108105,20190114,SPX,2582.61,1,0
108105,20190115,SPX,2610.3,1,0
108105,20190116,SPX,2616.1,1,0
108105,20190117,SPX,2635.96,1,0
108105,20190118,SPX,2670.71,1,0
108105,20190122,SPX,2632.9,1,0
108105,20190123,SPX,2638.7,1,0
108105,20190124,SPX,2642.33,1,0
108105,20190125,SPX,2664.76,1,0
108105,20190128,SPX,2643.85,1,0
108105,20190129,SPX,2640,1,0
108105,20190130,SPX,2681.05,1,0
108105,20190131,SPX,2704.1,1,0
108105,20190201,SPX,2706.53,1,0
108105,20190204,SPX,2724.87,1,0
108105,20190205,SPX,2737.7,1,0
108105,20190206,SPX,2731.61,1,0
108105,20190207,SPX,2706.05,1,0
108105,20190208,SPX,2707.88,1,0
108105,20190211,SPX,2709.8,1,0
108105,20190212,SPX,2744.73,1,0
108105,20190213,SPX,2753.03,1,0
108105,20190214,SPX,2745.73,1,0
108105,20190215,SPX,2775.6,1,0
108105,20190219,SPX,2779.76,1,0
108105,20190220,SPX,2784.7,1,0
108105,20190221,SPX,2774.88,1,0
108105,20190222,SPX,2792.67,1,0
108105,20190225,SPX,2796.11,1,0
108105,20190226,SPX,2793.9,1,0
108105,20190227,SPX,2792.38,1,0
108105,20190228,SPX,2784.49,1,0
108105,20190301,SPX,2803.69,1,0
108105,20190304,SPX,2792.81,1,0
108105,20190305,SPX,2789.65,1,0
108105,20190306,SPX,2771.45,1,0
108105,20190307,SPX,2748.93,1,0
108105,20190308,SPX,2743.07,1,0
108105,20190311,SPX,2783.3,1,0
108105,20190312,SPX,2791.52,1,0
108105,20190313,SPX,2810.92,1,0
108105,20190314,SPX,2808.48,1,0
108105,20190315,SPX,2822.48,1,0
108105,20190318,SPX,2832.94,1,0
108105,20190319,SPX,2832.57,1,0
108105,20190320,SPX,2824.23,1,0
108105,20190321,SPX,2854.88,1,0
108105,20190322,SPX,2800.71,1,0
108105,20190325,SPX,2798.36,1,0
108105,20190326,SPX,2818.46,1,0
108105,20190327,SPX,2805.37,1,0
108105,20190328,SPX,2815.44,1,0
108105,20190329,SPX,2834.4,1,0
108105,20190401,SPX,2867.19,1,0
108105,20190402,SPX,2867.24,1,0
108105,20190403,SPX,2873.4,1,0
108105,20190404,SPX,2879.39,1,0
108105,20190405,SPX,2892.74,1,0
108105,20190408,SPX,2895.77,1,0
108105,20190409,SPX,2878.2,1,0
108105,20190410,SPX,2888.21,1,0
108105,20190411,SPX,2888.32,1,0
108105,20190412,SPX,2907.41,1,0
108105,20190415,SPX,2905.58,1,0
108105,20190416,SPX,2907.06,1,0
108105,20190417,SPX,2900.45,1,0
108105,20190418,SPX,2905.03,1,0
108105,20190422,SPX,2907.97,1,0
108105,20190423,SPX,2933.68,1,0
108105,20190424,SPX,2927.25,1,0
108105,20190425,SPX,2926.17,1,0
108105,20190426,SPX,2939.88,1,0
108105,20190429,SPX,2943.03,1,0
108105,20190430,SPX,2945.83,1,0
108105,20190501,SPX,2923.73,1,0
108105,20190502,SPX,2917.52,1,0
108105,20190503,SPX,2945.64,1,0
108105,20190506,SPX,2932.47,1,0
108105,20190507,SPX,2884.05,1,0
108105,20190508,SPX,2879.42,1,0
108105,20190509,SPX,2870.72,1,0
108105,20190510,SPX,2881.4,1,0
108105,20190513,SPX,2811.87,1,0
108105,20190514,SPX,2834.41,1,0
108105,20190515,SPX,2850.96,1,0
108105,20190516,SPX,2876.32,1,0
108105,20190517,SPX,2859.53,1,0
108105,20190520,SPX,2840.23,1,0
108105,20190521,SPX,2864.36,1,0
108105,20190522,SPX,2856.27,1,0
108105,20190523,SPX,2822.24,1,0
108105,20190524,SPX,2826.06,1,0
108105,20190528,SPX,2802.39,1,0
108105,20190529,SPX,2783.02,1,0
108105,20190530,SPX,2788.86,1,0
108105,20190531,SPX,2752.06,1,0
108105,20190603,SPX,2744.45,1,0
108105,20190604,SPX,2803.27,1,0
108105,20190605,SPX,2826.15,1,0
108105,20190606,SPX,2843.49,1,0
108105,20190607,SPX,2873.34,1,0
108105,20190610,SPX,2886.73,1,0
108105,20190611,SPX,2885.72,1,0
108105,20190612,SPX,2879.84,1,0
108105,20190613,SPX,2891.64,1,0
108105,20190614,SPX,2886.98,1,0
108105,20190617,SPX,2889.67,1,0
108105,20190618,SPX,2917.75,1,0
108105,20190619,SPX,2926.46,1,0
108105,20190620,SPX,2954.18,1,0
108105,20190621,SPX,2950.46,1,0
108105,20190624,SPX,2945.35,1,0
108105,20190625,SPX,2917.38,1,0
108105,20190626,SPX,2913.78,1,0
108105,20190627,SPX,2924.92,1,0
108105,20190628,SPX,2941.76,1,0
108105,20190701,SPX,2964.33,1,0
108105,20190702,SPX,2973.01,1,0
108105,20190703,SPX,2995.82,1,0
108105,20190705,SPX,2990.41,1,0
108105,20190708,SPX,2975.95,1,0
108105,20190709,SPX,2979.63,1,0
108105,20190710,SPX,2993.07,1,0
108105,20190711,SPX,2999.91,1,0
108105,20190712,SPX,3013.77,1,0
108105,20190715,SPX,3014.3,1,0
108105,20190716,SPX,3004.04,1,0
108105,20190717,SPX,2984.42,1,0
108105,20190718,SPX,2995.11,1,0
108105,20190719,SPX,2976.61,1,0
108105,20190722,SPX,2985.03,1,0
108105,20190723,SPX,3005.47,1,0
108105,20190724,SPX,3019.56,1,0
108105,20190725,SPX,3003.67,1,0
108105,20190726,SPX,3025.86,1,0
108105,20190729,SPX,3020.97,1,0
108105,20190730,SPX,3013.18,1,0
108105,20190731,SPX,2980.38,1,0
108105,20190801,SPX,2953.56,1,0
108105,20190802,SPX,2932.05,1,0
108105,20190805,SPX,2844.74,1,0
108105,20190806,SPX,2881.77,1,0
108105,20190807,SPX,2883.98,1,0
108105,20190808,SPX,2938.09,1,0
108105,20190809,SPX,2918.65,1,0
108105,20190812,SPX,2883.75,1,0
108105,20190813,SPX,2926.32,1,0
108105,20190814,SPX,2840.6,1,0
108105,20190815,SPX,2847.6,1,0
108105,20190816,SPX,2888.68,1,0
108105,20190819,SPX,2923.65,1,0
108105,20190820,SPX,2900.51,1,0
108105,20190821,SPX,2924.43,1,0
108105,20190822,SPX,2922.95,1,0
108105,20190823,SPX,2847.11,1,0
108105,20190826,SPX,2878.38,1,0
108105,20190827,SPX,2869.16,1,0
108105,20190828,SPX,2887.94,1,0
108105,20190829,SPX,2924.58,1,0
108105,20190830,SPX,2926.46,1,0
108105,20190903,SPX,2906.27,1,0
108105,20190904,SPX,2937.78,1,0
108105,20190905,SPX,2976,1,0
108105,20190906,SPX,2978.71,1,0
108105,20190909,SPX,2978.43,1,0
108105,20190910,SPX,2979.39,1,0
108105,20190911,SPX,3000.93,1,0
108105,20190912,SPX,3009.57,1,0
108105,20190913,SPX,3007.39,1,0
108105,20190916,SPX,2997.96,1,0
108105,20190917,SPX,3005.7,1,0
108105,20190918,SPX,3006.73,1,0
108105,20190919,SPX,3006.79,1,0
108105,20190920,SPX,2992.07,1,0
108105,20190923,SPX,2991.78,1,0
108105,20190924,SPX,2966.6,1,0
108105,20190925,SPX,2984.87,1,0
108105,20190926,SPX,2977.62,1,0
108105,20190927,SPX,2961.79,1,0
108105,20190930,SPX,2976.74,1,0
108105,20191001,SPX,2940.25,1,0
108105,20191002,SPX,2887.61,1,0
108105,20191003,SPX,2910.63,1,0
108105,20191004,SPX,2952.01,1,0
108105,20191007,SPX,2938.79,1,0
108105,20191008,SPX,2893.06,1,0
108105,20191009,SPX,2919.4,1,0
108105,20191010,SPX,2938.13,1,0
108105,20191011,SPX,2970.27,1,0
108105,20191014,SPX,2966.15,1,0
108105,20191015,SPX,2995.68,1,0
108105,20191016,SPX,2989.69,1,0
108105,20191017,SPX,2997.95,1,0
108105,20191018,SPX,2986.2,1,0
108105,20191021,SPX,3006.72,1,0
108105,20191022,SPX,2995.99,1,0
108105,20191023,SPX,3004.52,1,0
108105,20191024,SPX,3010.29,1,0
108105,20191025,SPX,3022.55,1,0
108105,20191028,SPX,3039.42,1,0
108105,20191029,SPX,3036.89,1,0
108105,20191030,SPX,3046.77,1,0
108105,20191031,SPX,3037.56,1,0
108105,20191101,SPX,3066.91,1,0
108105,20191104,SPX,3078.27,1,0
108105,20191105,SPX,3074.62,1,0
108105,20191106,SPX,3076.78,1,0
108105,20191107,SPX,3085.18,1,0
108105,20191108,SPX,3093.08,1,0
108105,20191111,SPX,3087.01,1,0
108105,20191112,SPX,3091.84,1,0
108105,20191113,SPX,3094.04,1,0
108105,20191114,SPX,3096.63,1,0
108105,20191115,SPX,3120.46,1,0
108105,20191118,SPX,3122.03,1,0
108105,20191119,SPX,3120.18,1,0
108105,20191120,SPX,3108.46,1,0
108105,20191121,SPX,3103.54,1,0
108105,20191122,SPX,3110.29,1,0
108105,20191125,SPX,3133.64,1,0
108105,20191126,SPX,3140.52,1,0
108105,20191127,SPX,3153.63,1,0
108105,20191129,SPX,3140.98,1,0
108105,20191202,SPX,3113.87,1,0
108105,20191203,SPX,3093.2,1,0
108105,20191204,SPX,3112.76,1,0
108105,20191205,SPX,3117.43,1,0
108105,20191206,SPX,3145.91,1,0
108105,20191209,SPX,3135.96,1,0
108105,20191210,SPX,3132.52,1,0
108105,20191211,SPX,3141.63,1,0
108105,20191212,SPX,3168.57,1,0
108105,20191213,SPX,3168.8,1,0
108105,20191216,SPX,3191.45,1,0
108105,20191217,SPX,3192.52,1,0
108105,20191218,SPX,3191.14,1,0
108105,20191219,SPX,3205.37,1,0
108105,20191220,SPX,3221.22,1,0
108105,20191223,SPX,3224.01,1,0
108105,20191224,SPX,3223.38,1,0
108105,20191226,SPX,3239.91,1,0
108105,20191227,SPX,3240.02,1,0
108105,20191230,SPX,3221.29,1,0
108105,20191231,SPX,3230.78,1,0
108105,20200102,SPX,3257.85,1,0
108105,20200103,SPX,3234.85,1,0
108105,20200106,SPX,3246.28,1,0
108105,20200107,SPX,3237.18,1,0
108105,20200108,SPX,3253.05,1,0
108105,20200109,SPX,3274.7,1,0
108105,20200110,SPX,3265.35,1,0
108105,20200113,SPX,3288.13,1,0
108105,20200114,SPX,3283.15,1,0
108105,20200115,SPX,3289.29,1,0
108105,20200116,SPX,3316.81,1,0
108105,20200117,SPX,3329.62,1,0
108105,20200121,SPX,3320.79,1,0
108105,20200122,SPX,3321.75,1,0
108105,20200123,SPX,3325.54,1,0
108105,20200124,SPX,3295.47,1,0
108105,20200127,SPX,3243.63,1,0
108105,20200128,SPX,3276.24,1,0
108105,20200129,SPX,3273.4,1,0
108105,20200130,SPX,3283.66,1,0
108105,20200131,SPX,3225.52,1,0
108105,20200203,SPX,3248.92,1,0
108105,20200204,SPX,3297.59,1,0
108105,20200205,SPX,3334.69,1,0
108105,20200206,SPX,3345.78,1,0
108105,20200207,SPX,3327.71,1,0
108105,20200210,SPX,3352.09,1,0
108105,20200211,SPX,3357.75,1,0
108105,20200212,SPX,3379.45,1,0
108105,20200213,SPX,3373.94,1,0
108105,20200214,SPX,3380.16,1,0
108105,20200218,SPX,3370.29,1,0
108105,20200219,SPX,3386.15,1,0
108105,20200220,SPX,3373.23,1,0
108105,20200221,SPX,3337.75,1,0
108105,20200224,SPX,3225.89,1,0
108105,20200225,SPX,3128.21,1,0
108105,20200226,SPX,3116.39,1,0
108105,20200227,SPX,2978.76,1,0
108105,20200228,SPX,2954.22,1,0
108105,20200302,SPX,3090.23,1,0
108105,20200303,SPX,3003.37,1,0
108105,20200304,SPX,3130.12,1,0
108105,20200305,SPX,3023.94,1,0
108105,20200306,SPX,2972.37,1,0
108105,20200309,SPX,2746.56,1,0
108105,20200310,SPX,2882.23,1,0
108105,20200311,SPX,2741.38,1,0
108105,20200312,SPX,2480.64,1,0
108105,20200313,SPX,2711.02,1,0
108105,20200316,SPX,2386.13,1,0
108105,20200317,SPX,2529.19,1,0
108105,20200318,SPX,2398.1,1,0
108105,20200319,SPX,2409.39,1,0
108105,20200320,SPX,2304.92,1,0
108105,20200323,SPX,2237.4,1,0
108105,20200324,SPX,2447.33,1,0
108105,20200325,SPX,2475.56,1,0
108105,20200326,SPX,2630.07,1,0
108105,20200327,SPX,2541.47,1,0
108105,20200330,SPX,2626.65,1,0
108105,20200331,SPX,2584.59,1,0
108105,20200401,SPX,2470.5,1,0
108105,20200402,SPX,2526.9,1,0
108105,20200403,SPX,2488.65,1,0
108105,20200406,SPX,2663.68,1,0
108105,20200407,SPX,2659.41,1,0
108105,20200408,SPX,2749.98,1,0
108105,20200409,SPX,2789.82,1,0
108105,20200413,SPX,2761.63,1,0
108105,20200414,SPX,2846.06,1,0
108105,20200415,SPX,2783.36,1,0
108105,20200416,SPX,2799.55,1,0
108105,20200417,SPX,2874.56,1,0
108105,20200420,SPX,2823.16,1,0
108105,20200421,SPX,2736.56,1,0
108105,20200422,SPX,2799.31,1,0
108105,20200423,SPX,2797.8,1,0
108105,20200424,SPX,2836.74,1,0
108105,20200427,SPX,2878.48,1,0
108105,20200428,SPX,2863.39,1,0
108105,20200429,SPX,2939.51,1,0
108105,20200430,SPX,2912.43,1,0
108105,20200501,SPX,2830.71,1,0
108105,20200504,SPX,2842.74,1,0
108105,20200505,SPX,2868.44,1,0
108105,20200506,SPX,2848.42,1,0
108105,20200507,SPX,2881.19,1,0
108105,20200508,SPX,2929.8,1,0
108105,20200511,SPX,2930.32,1,0
108105,20200512,SPX,2870.12,1,0
108105,20200513,SPX,2820,1,0
108105,20200514,SPX,2852.5,1,0
108105,20200515,SPX,2863.7,1,0
108105,20200518,SPX,2953.91,1,0
108105,20200519,SPX,2922.94,1,0
108105,20200520,SPX,2971.61,1,0
108105,20200521,SPX,2948.51,1,0
108105,20200522,SPX,2955.45,1,0
108105,20200526,SPX,2991.77,1,0
108105,20200527,SPX,3036.13,1,0
108105,20200528,SPX,3029.73,1,0
108105,20200529,SPX,3044.31,1,0
108105,20200601,SPX,3055.73,1,0
108105,20200602,SPX,3080.82,1,0
108105,20200603,SPX,3122.87,1,0
108105,20200604,SPX,3112.35,1,0
108105,20200605,SPX,3193.93,1,0
108105,20200608,SPX,3232.39,1,0
108105,20200609,SPX,3207.18,1,0
108105,20200610,SPX,3190.14,1,0
108105,20200611,SPX,3002.1,1,0
108105,20200612,SPX,3041.31,1,0
108105,20200615,SPX,3066.59,1,0
108105,20200616,SPX,3124.74,1,0
108105,20200617,SPX,3113.49,1,0
108105,20200618,SPX,3115.34,1,0
108105,20200619,SPX,3097.74,1,0
108105,20200622,SPX,3117.86,1,0
108105,20200623,SPX,3131.29,1,0
108105,20200624,SPX,3050.33,1,0
108105,20200625,SPX,3083.76,1,0
108105,20200626,SPX,3009.05,1,0
108105,20200629,SPX,3053.24,1,0
108105,20200630,SPX,3100.29,1,0
108105,20200701,SPX,3115.86,1,0
108105,20200702,SPX,3130.01,1,0
108105,20200706,SPX,3179.72,1,0
108105,20200707,SPX,3145.32,1,0
108105,20200708,SPX,3169.94,1,0
108105,20200709,SPX,3152.05,1,0
108105,20200710,SPX,3185.04,1,0
108105,20200713,SPX,3155.22,1,0
108105,20200714,SPX,3197.52,1,0
108105,20200715,SPX,3226.56,1,0
108105,20200716,SPX,3215.57,1,0
108105,20200717,SPX,3224.73,1,0
108105,20200720,SPX,3251.84,1,0
108105,20200721,SPX,3257.3,1,0
108105,20200722,SPX,3276.02,1,0
108105,20200723,SPX,3235.66,1,0
108105,20200724,SPX,3215.63,1,0
108105,20200727,SPX,3239.41,1,0
108105,20200728,SPX,3218.44,1,0
108105,20200729,SPX,3258.44,1,0
108105,20200730,SPX,3246.22,1,0
108105,20200731,SPX,3271.12,1,0
108105,20200803,SPX,3294.61,1,0
108105,20200804,SPX,3306.51,1,0
108105,20200805,SPX,3327.77,1,0
108105,20200806,SPX,3349.16,1,0
108105,20200807,SPX,3351.28,1,0
108105,20200810,SPX,3360.47,1,0
108105,20200811,SPX,3333.69,1,0
108105,20200812,SPX,3380.35,1,0
108105,20200813,SPX,3373.43,1,0
108105,20200814,SPX,3372.85,1,0
108105,20200817,SPX,3381.99,1,0
108105,20200818,SPX,3389.78,1,0
108105,20200819,SPX,3374.85,1,0
108105,20200820,SPX,3385.51,1,0
108105,20200821,SPX,3397.16,1,0
108105,20200824,SPX,3431.28,1,0
108105,20200825,SPX,3443.62,1,0
108105,20200826,SPX,3478.73,1,0
108105,20200827,SPX,3484.55,1,0
108105,20200828,SPX,3508.01,1,0
108105,20200831,SPX,3500.31,1,0
108105,20200901,SPX,3526.65,1,0
108105,20200902,SPX,3580.84,1,0
108105,20200903,SPX,3455.06,1,0
108105,20200904,SPX,3426.96,1,0
108105,20200908,SPX,3331.84,1,0
108105,20200909,SPX,3398.96,1,0
108105,20200910,SPX,3339.19,1,0
108105,20200911,SPX,3340.97,1,0
108105,20200914,SPX,3383.54,1,0
108105,20200915,SPX,3401.2,1,0
108105,20200916,SPX,3385.49,1,0
108105,20200917,SPX,3357.01,1,0
108105,20200918,SPX,3319.47,1,0
108105,20200921,SPX,3281.06,1,0
108105,20200922,SPX,3315.57,1,0
108105,20200923,SPX,3236.92,1,0
108105,20200924,SPX,3246.59,1,0
108105,20200925,SPX,3298.46,1,0
108105,20200928,SPX,3351.6,1,0
108105,20200929,SPX,3335.47,1,0
108105,20200930,SPX,3363,1,0
108105,20201001,SPX,3380.8,1,0
108105,20201002,SPX,3348.44,1,0
108105,20201005,SPX,3408.63,1,0
108105,20201006,SPX,3360.95,1,0
108105,20201007,SPX,3419.45,1,0
108105,20201008,SPX,3446.83,1,0
108105,20201009,SPX,3477.13,1,0
108105,20201012,SPX,3534.22,1,0
108105,20201013,SPX,3511.93,1,0
108105,20201014,SPX,3488.67,1,0
108105,20201015,SPX,3483.34,1,0
108105,20201016,SPX,3483.81,1,0
108105,20201019,SPX,3426.92,1,0
108105,20201020,SPX,3443.12,1,0
108105,20201021,SPX,3435.56,1,0
108105,20201022,SPX,3453.49,1,0
108105,20201023,SPX,3465.39,1,0
108105,20201026,SPX,3400.97,1,0
108105,20201027,SPX,3390.68,1,0
108105,20201028,SPX,3271.03,1,0
108105,20201029,SPX,3310.11,1,0
108105,20201030,SPX,3269.96,1,0
108105,20201102,SPX,3310.24,1,0
108105,20201103,SPX,3369.02,1,0
108105,20201104,SPX,3443.44,1,0
108105,20201105,SPX,3510.45,1,0
108105,20201106,SPX,3509.44,1,0
108105,20201109,SPX,3550.5,1,0
108105,20201110,SPX,3545.53,1,0
108105,20201111,SPX,3572.66,1,0
108105,20201112,SPX,3537.01,1,0
108105,20201113,SPX,3585.15,1,0
108105,20201116,SPX,3626.91,1,0
108105,20201117,SPX,3609.53,1,0
108105,20201118,SPX,3567.79,1,0
108105,20201119,SPX,3581.87,1,0
108105,20201120,SPX,3557.54,1,0
108105,20201123,SPX,3577.59,1,0
108105,20201124,SPX,3635.41,1,0
108105,20201125,SPX,3629.65,1,0
108105,20201127,SPX,3638.35,1,0
108105,20201130,SPX,3621.63,1,0
108105,20201201,SPX,3662.45,1,0
108105,20201202,SPX,3669.01,1,0
108105,20201203,SPX,3666.72,1,0
108105,20201204,SPX,3699.12,1,0
108105,20201207,SPX,3691.96,1,0
108105,20201208,SPX,3702.25,1,0
108105,20201209,SPX,3672.82,1,0
108105,20201210,SPX,3668.1,1,0
108105,20201211,SPX,3663.46,1,0
108105,20201214,SPX,3647.49,1,0
108105,20201215,SPX,3694.62,1,0
108105,20201216,SPX,3701.17,1,0
108105,20201217,SPX,3722.48,1,0
108105,20201218,SPX,3709.41,1,0
108105,20201221,SPX,3694.92,1,0
108105,20201222,SPX,3687.26,1,0
108105,20201223,SPX,3690.01,1,0
108105,20201224,SPX,3703.06,1,0
108105,20201228,SPX,3735.36,1,0
108105,20201229,SPX,3727.04,1,0
108105,20201230,SPX,3732.04,1,0
108105,20201231,SPX,3756.07,1,0
108105,20210104,SPX,3700.65,1,0
108105,20210105,SPX,3726.86,1,0
108105,20210106,SPX,3748.14,1,0
108105,20210107,SPX,3803.79,1,0
108105,20210108,SPX,3824.68,1,0
108105,20210111,SPX,3799.61,1,0
108105,20210112,SPX,3801.19,1,0
108105,20210113,SPX,3809.84,1,0
108105,20210114,SPX,3795.54,1,0
108105,20210115,SPX,3768.25,1,0
108105,20210119,SPX,3798.91,1,0
108105,20210120,SPX,3851.85,1,0
108105,20210121,SPX,3853.07,1,0
108105,20210122,SPX,3841.47,1,0
108105,20210125,SPX,3855.36,1,0
108105,20210126,SPX,3849.62,1,0
108105,20210127,SPX,3750.77,1,0
108105,20210128,SPX,3787.38,1,0
108105,20210129,SPX,3714.24,1,0
108105,20210201,SPX,3773.86,1,0
108105,20210202,SPX,3826.31,1,0
108105,20210203,SPX,3830.17,1,0
108105,20210204,SPX,3871.74,1,0
108105,20210205,SPX,3886.83,1,0
108105,20210208,SPX,3915.59,1,0
108105,20210209,SPX,3911.23,1,0
108105,20210210,SPX,3909.88,1,0
108105,20210211,SPX,3916.38,1,0
108105,20210212,SPX,3934.83,1,0
108105,20210216,SPX,3932.59,1,0
108105,20210217,SPX,3931.33,1,0
108105,20210218,SPX,3913.97,1,0
108105,20210219,SPX,3906.71,1,0
108105,20210222,SPX,3876.5,1,0
108105,20210223,SPX,3881.37,1,0
108105,20210224,SPX,3925.43,1,0
108105,20210225,SPX,3829.34,1,0
108105,20210226,SPX,3811.15,1,0
108105,20210301,SPX,3901.82,1,0
108105,20210302,SPX,3870.29,1,0
108105,20210303,SPX,3819.72,1,0
108105,20210304,SPX,3768.47,1,0
108105,20210305,SPX,3841.94,1,0
108105,20210308,SPX,3821.35,1,0
108105,20210309,SPX,3875.44,1,0
108105,20210310,SPX,3898.81,1,0
108105,20210311,SPX,3939.34,1,0
108105,20210312,SPX,3943.34,1,0
108105,20210315,SPX,3968.94,1,0
108105,20210316,SPX,3962.71,1,0
108105,20210317,SPX,3974.12,1,0
108105,20210318,SPX,3915.46,1,0
108105,20210319,SPX,3913.1,1,0
108105,20210322,SPX,3940.59,1,0
108105,20210323,SPX,3910.52,1,0
108105,20210324,SPX,3889.14,1,0
108105,20210325,SPX,3909.52,1,0
108105,20210326,SPX,3974.54,1,0
108105,20210329,SPX,3971.09,1,0
108105,20210330,SPX,3958.55,1,0
108105,20210331,SPX,3972.89,1,0
108105,20210401,SPX,4019.87,1,0
108105,20210405,SPX,4077.91,1,0
108105,20210406,SPX,4073.94,1,0
108105,20210407,SPX,4079.95,1,0
108105,20210408,SPX,4097.17,1,0
108105,20210409,SPX,4128.8,1,0
108105,20210412,SPX,4127.99,1,0
108105,20210413,SPX,4141.59,1,0
108105,20210414,SPX,4124.66,1,0
108105,20210415,SPX,4170.42,1,0
108105,20210416,SPX,4185.47,1,0
108105,20210419,SPX,4163.26,1,0
108105,20210420,SPX,4134.94,1,0
108105,20210421,SPX,4173.42,1,0
108105,20210422,SPX,4134.98,1,0
108105,20210423,SPX,4180.17,1,0
108105,20210426,SPX,4187.62,1,0
108105,20210427,SPX,4186.72,1,0
108105,20210428,SPX,4183.18,1,0
108105,20210429,SPX,4211.47,1,0
108105,20210430,SPX,4181.17,1,0
108105,20210503,SPX,4192.66,1,0
108105,20210504,SPX,4164.66,1,0
108105,20210505,SPX,4167.59,1,0
108105,20210506,SPX,4201.62,1,0
108105,20210507,SPX,4232.6,1,0
108105,20210510,SPX,4188.43,1,0
108105,20210511,SPX,4152.1,1,0
108105,20210512,SPX,4063.04,1,0
108105,20210513,SPX,4112.5,1,0
108105,20210514,SPX,4173.85,1,0
108105,20210517,SPX,4163.29,1,0
108105,20210518,SPX,4127.83,1,0
108105,20210519,SPX,4115.68,1,0
108105,20210520,SPX,4159.12,1,0
108105,20210521,SPX,4155.86,1,0
108105,20210524,SPX,4197.05,1,0
108105,20210525,SPX,4188.13,1,0
108105,20210526,SPX,4195.99,1,0
108105,20210527,SPX,4200.88,1,0
108105,20210528,SPX,4204.11,1,0
108105,20210601,SPX,4202.04,1,0
108105,20210602,SPX,4208.12,1,0
108105,20210603,SPX,4192.85,1,0
108105,20210604,SPX,4229.89,1,0
108105,20210607,SPX,4226.52,1,0
108105,20210608,SPX,4227.26,1,0
108105,20210609,SPX,4219.55,1,0
108105,20210610,SPX,4239.18,1,0
108105,20210611,SPX,4247.44,1,0
108105,20210614,SPX,4255.15,1,0
108105,20210615,SPX,4246.59,1,0
108105,20210616,SPX,4223.7,1,0
108105,20210617,SPX,4221.86,1,0
108105,20210618,SPX,4166.45,1,0
108105,20210621,SPX,4224.79,1,0
108105,20210622,SPX,4246.44,1,0
108105,20210623,SPX,4241.84,1,0
108105,20210624,SPX,4266.49,1,0
108105,20210625,SPX,4280.7,1,0
108105,20210628,SPX,4290.61,1,0
108105,20210629,SPX,4291.8,1,0
108105,20210630,SPX,4297.5,1,0
108105,20210701,SPX,4319.94,1,0
108105,20210702,SPX,4352.34,1,0
108105,20210706,SPX,4343.54,1,0
108105,20210707,SPX,4358.13,1,0
108105,20210708,SPX,4320.82,1,0
108105,20210709,SPX,4369.55,1,0
108105,20210712,SPX,4384.63,1,0
108105,20210713,SPX,4369.21,1,0
108105,20210714,SPX,4374.3,1,0
108105,20210715,SPX,4360.03,1,0
108105,20210716,SPX,4327.16,1,0
108105,20210719,SPX,4258.49,1,0
108105,20210720,SPX,4323.06,1,0
108105,20210721,SPX,4358.69,1,0
108105,20210722,SPX,4367.48,1,0
108105,20210723,SPX,4411.79,1,0
108105,20210726,SPX,4422.3,1,0
108105,20210727,SPX,4401.46,1,0
108105,20210728,SPX,4400.64,1,0
108105,20210729,SPX,4419.15,1,0
108105,20210730,SPX,4395.26,1,0
108105,20210802,SPX,4387.16,1,0
108105,20210803,SPX,4423.15,1,0
108105,20210804,SPX,4402.66,1,0
108105,20210805,SPX,4429.1,1,0
108105,20210806,SPX,4436.52,1,0
108105,20210809,SPX,4432.35,1,0
108105,20210810,SPX,4436.75,1,0
108105,20210811,SPX,4447.7,1,0
108105,20210812,SPX,4460.83,1,0
108105,20210813,SPX,4468,1,0
108105,20210816,SPX,4479.71,1,0
108105,20210817,SPX,4448.08,1,0
108105,20210818,SPX,4400.27,1,0
108105,20210819,SPX,4405.8,1,0
108105,20210820,SPX,4441.67,1,0
108105,20210823,SPX,4479.53,1,0
108105,20210824,SPX,4486.23,1,0
108105,20210825,SPX,4496.19,1,0
108105,20210826,SPX,4470,1,0
108105,20210827,SPX,4509.37,1,0
108105,20210830,SPX,4528.79,1,0
108105,20210831,SPX,4522.68,1,0
108105,20210901,SPX,4524.09,1,0
108105,20210902,SPX,4536.95,1,0
108105,20210903,SPX,4535.43,1,0
108105,20210907,SPX,4520.03,1,0
108105,20210908,SPX,4514.07,1,0
108105,20210909,SPX,4493.28,1,0
108105,20210910,SPX,4458.58,1,0
108105,20210913,SPX,4468.73,1,0
108105,20210914,SPX,4443.05,1,0
108105,20210915,SPX,4480.7,1,0
108105,20210916,SPX,4473.75,1,0
108105,20210917,SPX,4432.99,1,0
108105,20210920,SPX,4357.73,1,0
108105,20210921,SPX,4354.19,1,0
108105,20210922,SPX,4395.64,1,0
108105,20210923,SPX,4448.98,1,0
108105,20210924,SPX,4455.48,1,0
108105,20210927,SPX,4443.11,1,0
108105,20210928,SPX,4352.63,1,0
108105,20210929,SPX,4359.46,1,0
108105,20210930,SPX,4307.54,1,0
108105,20211001,SPX,4357.04,1,0
108105,20211004,SPX,4300.46,1,0
108105,20211005,SPX,4345.72,1,0
108105,20211006,SPX,4363.55,1,0
108105,20211007,SPX,4399.76,1,0
108105,20211008,SPX,4391.34,1,0
108105,20211011,SPX,4361.19,1,0
108105,20211012,SPX,4350.65,1,0
108105,20211013,SPX,4363.8,1,0
108105,20211014,SPX,4438.26,1,0
108105,20211015,SPX,4471.37,1,0
108105,20211018,SPX,4486.46,1,0
108105,20211019,SPX,4519.63,1,0
108105,20211020,SPX,4536.19,1,0
108105,20211021,SPX,4549.78,1,0
108105,20211022,SPX,4544.9,1,0
108105,20211025,SPX,4566.48,1,0
108105,20211026,SPX,4574.79,1,0
108105,20211027,SPX,4551.68,1,0
108105,20211028,SPX,4596.42,1,0
108105,20211029,SPX,4605.38,1,0
108105,20211101,SPX,4613.67,1,0
108105,20211102,SPX,4630.65,1,0
108105,20211103,SPX,4660.57,1,0
108105,20211104,SPX,4680.06,1,0
108105,20211105,SPX,4697.53,1,0
108105,20211108,SPX,4701.7,1,0
108105,20211109,SPX,4685.25,1,0
108105,20211110,SPX,4646.71,1,0
108105,20211111,SPX,4649.27,1,0
108105,20211112,SPX,4682.85,1,0
108105,20211115,SPX,4682.8,1,0
108105,20211116,SPX,4700.9,1,0
108105,20211117,SPX,4688.67,1,0
108105,20211118,SPX,4704.54,1,0
108105,20211119,SPX,4697.96,1,0
108105,20211122,SPX,4682.94,1,0
108105,20211123,SPX,4690.7,1,0
108105,20211124,SPX,4701.46,1,0
108105,20211126,SPX,4594.62,1,0
108105,20211129,SPX,4655.27,1,0
108105,20211130,SPX,4567,1,0
108105,20211201,SPX,4513.04,1,0
108105,20211202,SPX,4577.1,1,0
108105,20211203,SPX,4538.43,1,0
108105,20211206,SPX,4591.67,1,0
108105,20211207,SPX,4686.75,1,0
108105,20211208,SPX,4701.21,1,0
108105,20211209,SPX,4667.45,1,0
108105,20211210,SPX,4712.02,1,0
108105,20211213,SPX,4668.97,1,0
108105,20211214,SPX,4634.09,1,0
108105,20211215,SPX,4709.85,1,0
108105,20211216,SPX,4668.67,1,0
108105,20211217,SPX,4620.64,1,0
108105,20211220,SPX,4568.02,1,0
108105,20211221,SPX,4649.23,1,0
108105,20211222,SPX,4696.56,1,0
108105,20211223,SPX,4725.79,1,0
108105,20211227,SPX,4791.19,1,0
108105,20211228,SPX,4786.35,1,0
108105,20211229,SPX,4793.06,1,0
108105,20211230,SPX,4778.73,1,0
108105,20211231,SPX,4766.18,1,0
